Source File	Size	loadResources	load	generateSnapshots	load-configure	scan	loadDepInfo	loadInfo	checkR4R4B	generateNarratives	validate	loadLists	checkConformanceResources	checkConformanceResources2	checkConformanceResources3	generateLogicalMaps	validateExpressions	scanForUsageStats	checkURLsUnique	processProvenanceDetails	generate1	generate2	responsesForQuestionnaire	generateLogicals	makeDependencies	generateExampleZip	generateValidationPack	scanProfilesForR5	scanExamplesForR5
/fsh-generated/resources/ImplementationGuide-smart.who.int.hiv.json	204540	-	0	0	0	0	0	0	31	103	0	0	0	0	0	0	0	5	0	0	573	843	0	0	0	0	30	0	6
fsh-generated/resources/ActivityDefinition-HIVB9DTScheduleFollowUp.json	1518	6	0	0	1	0	0	0	0	22	0	0	0	0	0	0	0	0	0	0	15	45	0	0	0	0	0	0	0
fsh-generated/resources/ActivityDefinition-HIVGuidanceCommunicationRequestActivity.json	1402	3	0	0	0	0	0	0	0	20	0	0	0	0	0	0	0	0	0	0	10	5	0	0	0	0	0	0	0
fsh-generated/resources/ActorDefinition-Client.json	709	4	0	0	0	0	0	0	0	22	0	0	0	0	0	0	0	0	0	0	7	38	0	0	0	1	1	0	0
fsh-generated/resources/ActorDefinition-CommunityHealthWorker.json	976	3	0	0	0	0	0	0	0	17	0	0	0	0	0	0	0	0	0	0	8	21	0	0	0	0	0	0	0
fsh-generated/resources/ActorDefinition-DataEntryClerk.json	754	4	0	0	0	0	0	0	0	12	0	0	0	0	0	0	0	0	0	0	6	18	0	0	0	0	0	0	0
fsh-generated/resources/ActorDefinition-DistrictHealthInformationOfficer.json	772	3	0	0	0	0	0	0	0	9	0	0	0	0	0	0	0	0	0	0	8	18	0	0	0	0	0	0	0
fsh-generated/resources/ActorDefinition-KeyPopulations.json	1023	4	0	0	1	0	0	0	0	12	0	0	0	0	0	0	0	0	0	0	7	18	0	0	0	0	0	0	0
fsh-generated/resources/ActorDefinition-LabTechnician.json	747	4	0	0	0	0	0	0	0	12	0	0	0	0	0	0	0	0	0	0	7	17	0	0	0	0	1	0	1
fsh-generated/resources/ActorDefinition-Nurse.json	708	4	0	0	0	0	0	0	0	9	0	0	0	0	0	0	0	0	0	0	6	17	0	0	0	0	0	0	0
fsh-generated/resources/ActorDefinition-Pharmacist.json	688	4	0	0	0	0	0	0	0	8	0	0	0	0	0	0	0	0	0	0	7	16	0	0	0	0	0	0	0
fsh-generated/resources/ActorDefinition-Physician.json	812	4	0	0	1	0	0	0	0	8	0	0	0	0	0	0	0	0	0	0	6	17	0	0	0	0	0	0	0
fsh-generated/resources/ActorDefinition-SpecialPopulationClient.json	771	6	0	0	0	0	0	0	0	10	0	0	0	0	0	0	0	0	0	0	7	17	0	0	0	0	0	0	0
fsh-generated/resources/ActorDefinition-SpecialistMedicalDoctor.json	933	5	0	0	0	0	0	0	1	9	0	0	0	0	0	0	0	0	0	0	7	16	0	0	0	0	0	0	0
fsh-generated/resources/ActorDefinition-TrainedLayProvider.json	708	3	0	0	0	0	0	0	0	9	0	0	0	0	0	0	0	0	0	0	7	16	0	0	0	0	1	0	0
fsh-generated/resources/ActorDefinition-TrainedNonPhysicianClinician.json	1011	4	0	0	0	0	0	0	0	9	0	0	0	0	0	0	0	0	0	0	7	17	0	0	0	0	0	0	0
fsh-generated/resources/CodeSystem-HIVConcepts.json	361635	29	0	0	3	0	0	0	21	366	0	0	3	0	0	0	0	4	0	0	1240	2233	0	0	0	0	58	0	1
fsh-generated/resources/Condition-ExampleElevatedHivRiskCondition.json	639	4	0	0	0	0	0	0	0	41	0	0	0	0	0	0	0	0	0	0	6	15	0	0	0	0	0	0	0
fsh-generated/resources/Condition-ExampleHivInvasiveCervicalCancerDiagnosis.json	859	4	0	0	0	0	0	0	1	5	0	0	0	0	0	0	0	0	0	0	8	6	0	0	0	0	0	0	0
fsh-generated/resources/Condition-ExampleHivPositiveCondition.json	814	3	0	0	0	0	0	0	0	3	0	0	0	0	0	0	0	0	0	0	6	4	0	0	0	0	0	0	0
fsh-generated/resources/ExampleScenario-HIV.A.REGISTRATION.json	4388	4	0	0	0	0	0	0	0	18	0	0	0	0	0	0	0	0	0	0	16	447	0	0	0	0	1	0	1
fsh-generated/resources/ExampleScenario-HIV.B.HIVtesting.json	8377	4	0	0	0	0	0	0	0	21	0	0	0	0	0	0	0	0	0	0	41	120	0	0	0	0	1	0	0
fsh-generated/resources/ExampleScenario-HIV.PrEP.Visit.Scenario.json	6300	4	0	0	0	0	0	0	1	16	0	0	0	0	0	0	0	0	0	0	20	86	0	0	0	0	1	0	0
fsh-generated/resources/Library-HIVB2DTLogic.json	1013	3	0	0	0	0	0	0	0	1005	0	0	0	0	0	0	0	0	0	0	263	28	0	0	0	0	10	0	0
fsh-generated/resources/Library-HIVB7DTLogic.json	1048	4	0	0	0	0	0	0	1	16	0	0	0	0	0	0	0	0	0	0	68	12	0	0	0	0	3	0	0
fsh-generated/resources/Library-HIVB9DTLogic.json	1013	3	0	0	0	0	0	0	0	24	0	0	0	0	0	0	0	0	0	0	301	29	0	0	0	0	10	0	0
fsh-generated/resources/Library-HIVC23DTLogic.json	1019	3	0	0	0	0	0	0	0	16	0	0	0	0	0	0	0	0	0	0	252	25	0	0	0	0	9	0	0
fsh-generated/resources/Library-HIVC7DTLogic.json	1013	4	0	0	1	0	0	0	1	22	0	0	0	0	0	0	0	0	0	0	840	79	0	0	0	0	30	0	0
fsh-generated/resources/Library-HIVCommon.json	1024	3	0	0	0	0	0	0	0	9	0	0	0	0	0	0	0	0	0	0	1109	69	0	0	0	0	50	0	0
fsh-generated/resources/Library-HIVConcepts.json	1036	3	0	0	0	0	0	0	3	175	0	0	0	0	0	0	0	0	0	0	2865	278	0	0	0	0	66	0	0
fsh-generated/resources/Library-HIVConceptsCustom.json	1072	4	0	0	0	0	0	0	0	41	0	0	0	0	0	0	0	0	0	0	152	10	0	0	0	0	4	0	0
fsh-generated/resources/Library-HIVConfig.json	1024	3	0	0	0	0	0	0	0	9	0	0	0	0	0	0	0	0	0	0	27	4	0	0	0	0	1	0	0
fsh-generated/resources/Library-HIVD12DTLogic.json	1019	4	0	0	0	0	0	0	1	15	0	0	0	0	0	0	0	1	0	0	392	24	0	0	0	0	13	0	0
fsh-generated/resources/Library-HIVD15DTLogic.json	1019	3	0	0	0	0	0	0	0	10	0	0	0	0	0	0	0	0	0	0	939	42	0	0	0	0	33	0	0
fsh-generated/resources/Library-HIVD4DTLogic.json	1013	3	0	0	1	0	0	0	0	10	0	0	0	0	0	0	0	0	0	0	314	19	0	0	0	0	11	0	0
fsh-generated/resources/Library-HIVElements.json	1036	4	0	0	1	0	0	0	52	855	0	0	0	0	0	0	0	6	0	0	31214	1737	0	0	0	0	1069	0	4
fsh-generated/resources/Library-HIVEncounterElements.json	1090	3	0	0	0	0	0	0	0	48	0	0	0	0	0	0	0	0	0	0	15762	746	0	0	0	0	575	0	0
fsh-generated/resources/Library-HIVIND11Logic.json	1105	3	0	0	0	0	0	0	1	17	0	0	0	0	0	0	0	0	0	0	114	10	0	0	0	0	4	0	0
fsh-generated/resources/Library-HIVIND12Logic.json	1078	4	0	0	0	0	0	0	0	11	0	0	0	0	0	0	0	0	0	0	127	9	0	0	0	0	5	0	0
fsh-generated/resources/Library-HIVIND13Logic.json	1070	3	0	0	0	0	0	0	1	11	0	0	0	0	0	0	0	0	0	0	128	10	0	0	0	0	4	0	0
fsh-generated/resources/Library-HIVIND14Logic.json	1106	3	0	0	0	0	0	0	0	16	0	0	0	0	0	0	0	0	0	0	146	11	0	0	0	0	5	0	0
fsh-generated/resources/Library-HIVIND15Logic.json	1132	4	0	0	0	0	0	0	0	17	0	0	0	0	0	0	0	0	0	0	107	9	0	0	0	0	4	0	0
fsh-generated/resources/Library-HIVIND16Logic.json	1067	3	0	0	0	0	0	0	1	12	0	0	0	0	0	0	0	0	0	0	155	11	0	0	0	0	6	0	0
fsh-generated/resources/Library-HIVIND18Logic.json	1067	3	0	0	0	0	0	0	0	12	0	0	0	0	0	0	0	0	0	0	119	10	0	0	0	0	4	0	0
fsh-generated/resources/Library-HIVIND19Logic.json	1107	4	0	0	0	0	0	0	0	12	0	0	0	0	0	0	0	0	0	0	135	11	0	0	0	0	5	0	0
fsh-generated/resources/Library-HIVIND20Logic.json	1083	3	0	0	0	0	0	0	1	12	0	0	0	0	0	0	0	1	0	0	188	13	0	0	0	0	8	0	0
fsh-generated/resources/Library-HIVIND21Logic.json	1056	3	0	0	0	0	0	0	0	13	0	0	0	0	0	0	0	0	0	0	245	16	0	0	0	0	10	0	0
fsh-generated/resources/Library-HIVIND22Logic.json	1112	4	0	0	0	0	0	0	0	12	0	0	0	0	0	0	0	0	0	0	231	15	0	0	0	0	9	0	0
fsh-generated/resources/Library-HIVIND24Logic.json	1174	3	0	0	0	0	0	0	0	12	0	0	0	0	0	0	0	0	0	0	382	22	0	0	0	0	13	0	0
fsh-generated/resources/Library-HIVIND25Logic.json	1110	4	0	0	0	0	0	0	1	11	0	0	0	0	0	0	0	0	0	0	124	10	0	0	0	0	4	0	0
fsh-generated/resources/Library-HIVIND27Logic.json	1100	3	0	0	1	0	0	0	0	11	0	0	0	0	0	0	0	0	0	0	286	18	0	0	0	0	11	0	0
fsh-generated/resources/Library-HIVIND28Logic.json	1218	3	0	0	0	0	0	0	0	11	0	0	0	0	0	0	0	0	0	0	449	37	0	0	0	0	18	0	0
fsh-generated/resources/Library-HIVIND29Logic.json	1096	4	0	0	0	0	0	0	1	11	0	0	0	0	0	0	0	0	0	0	235	16	0	0	0	0	9	0	0
fsh-generated/resources/Library-HIVIND2Logic.json	1074	4	0	0	0	0	0	0	0	11	0	0	0	0	0	0	0	0	0	0	156	12	0	0	0	0	5	0	0
fsh-generated/resources/Library-HIVIND30Logic.json	1053	3	0	0	0	0	0	0	0	10	0	0	0	0	0	0	0	0	0	0	111	9	0	0	0	0	4	0	0
fsh-generated/resources/Library-HIVIND31Logic.json	1091	3	0	0	0	0	0	0	0	11	0	0	0	0	0	0	0	0	0	0	178	13	0	0	0	0	6	0	0
fsh-generated/resources/Library-HIVIND32Logic.json	1092	3	0	0	0	0	0	0	1	10	0	0	0	0	0	0	0	0	0	0	214	14	0	0	0	0	8	0	0
fsh-generated/resources/Library-HIVIND33Logic.json	1123	4	0	0	0	0	0	0	0	13	0	0	0	0	0	0	0	0	0	0	171	12	0	0	0	0	6	0	0
fsh-generated/resources/Library-HIVIND34Logic.json	1130	3	0	0	0	0	0	0	0	12	0	0	0	0	0	0	0	0	0	0	184	13	0	0	0	0	8	0	0
fsh-generated/resources/Library-HIVIND35Logic.json	1057	3	0	0	0	0	0	0	1	13	0	0	0	0	0	0	0	0	0	0	331	20	0	0	0	0	12	0	0
fsh-generated/resources/Library-HIVIND37Logic.json	1085	4	0	0	0	0	0	0	0	15	0	0	0	0	0	0	0	0	0	0	186	13	0	0	0	0	8	0	0
fsh-generated/resources/Library-HIVIND38Logic.json	1109	3	0	0	0	0	0	0	0	10	0	0	0	0	0	0	0	0	0	0	154	12	0	0	0	0	5	0	0
fsh-generated/resources/Library-HIVIND39Logic.json	1057	3	0	0	0	0	0	0	0	10	0	0	0	0	0	0	0	0	0	0	102	8	0	0	0	0	4	0	0
fsh-generated/resources/Library-HIVIND3Logic.json	1094	4	0	0	0	0	0	0	1	12	0	0	0	0	0	0	0	0	0	0	172	13	0	0	0	0	5	0	0
fsh-generated/resources/Library-HIVIND40Logic.json	1099	3	0	0	0	0	0	0	0	10	0	0	0	0	0	0	0	0	0	0	219	14	0	0	0	0	9	0	0
fsh-generated/resources/Library-HIVIND41Logic.json	1106	4	0	0	0	0	0	0	0	10	0	0	0	0	0	0	0	0	0	0	317	20	0	0	0	0	15	0	0
fsh-generated/resources/Library-HIVIND42Logic.json	1067	3	0	0	1	0	0	0	1	11	0	0	0	0	0	0	0	0	0	0	229	15	0	0	0	0	9	0	0
fsh-generated/resources/Library-HIVIND43Logic.json	1104	3	0	0	0	0	0	0	0	11	0	0	0	0	0	0	0	0	0	0	148	11	0	0	0	0	6	0	0
fsh-generated/resources/Library-HIVIND44Logic.json	1095	3	0	0	0	0	0	0	0	9	0	0	0	0	0	0	0	0	0	0	133	10	0	0	0	0	5	0	0
fsh-generated/resources/Library-HIVIND45Logic.json	1128	4	0	0	0	0	0	0	0	11	0	0	0	0	0	0	0	1	0	0	157	12	0	0	0	0	6	0	1
fsh-generated/resources/Library-HIVIND46Logic.json	1147	3	0	0	0	0	0	0	1	11	0	0	0	0	0	0	0	0	0	0	176	13	0	0	0	0	6	0	0
fsh-generated/resources/Library-HIVIND47Logic.json	1080	4	0	0	0	0	0	0	0	14	0	1	0	0	0	0	0	0	0	0	151	11	0	0	0	0	5	0	0
fsh-generated/resources/Library-HIVIND48Logic.json	1078	3	0	0	0	0	0	0	0	10	0	0	0	0	0	0	0	0	0	0	136	10	0	0	0	0	5	0	0
fsh-generated/resources/Library-HIVIND49Logic.json	1113	3	0	0	0	0	0	0	0	11	0	0	0	0	0	0	0	0	0	0	139	11	0	0	0	0	5	0	0
fsh-generated/resources/Library-HIVIND4Logic.json	1037	4	0	0	0	0	0	0	1	13	0	0	0	0	0	0	0	0	0	0	175	11	0	0	0	0	5	0	0
fsh-generated/resources/Library-HIVIND50Logic.json	1118	3	0	0	0	0	0	0	0	11	0	0	0	0	0	0	0	0	0	0	172	12	0	0	0	0	6	0	0
fsh-generated/resources/Library-HIVIND51Logic.json	1112	3	0	0	0	0	0	0	0	11	0	0	0	0	0	0	0	0	0	0	204	13	0	0	0	0	7	0	0
fsh-generated/resources/Library-HIVIND52Logic.json	1109	3	0	0	0	0	0	0	1	11	0	0	0	0	0	0	0	0	0	0	215	14	0	0	0	0	8	0	0
fsh-generated/resources/Library-HIVIND53Logic.json	1126	4	0	0	0	0	0	0	0	19	0	0	0	0	0	0	0	0	0	0	210	15	0	0	0	0	8	0	0
fsh-generated/resources/Library-HIVIND54Logic.json	1068	3	0	0	0	0	0	0	0	11	0	0	0	0	0	0	0	0	0	0	135	11	0	0	0	0	4	0	0
fsh-generated/resources/Library-HIVIND55Logic.json	1232	3	0	0	0	0	0	0	0	10	0	0	0	0	0	0	0	0	0	0	137	10	0	0	0	0	5	0	0
fsh-generated/resources/Library-HIVIND56Logic.json	1069	4	0	0	1	0	0	0	1	13	0	0	0	0	0	0	0	0	0	0	187	12	0	0	0	0	6	0	0
fsh-generated/resources/Library-HIVIND57Logic.json	1089	3	0	0	0	0	0	0	0	11	0	0	0	0	0	0	0	0	0	0	317	19	0	0	0	0	14	0	0
fsh-generated/resources/Library-HIVIND58Logic.json	1105	3	0	0	0	0	0	0	0	12	0	0	0	0	0	0	0	0	0	0	139	11	0	0	0	0	5	0	0
fsh-generated/resources/Library-HIVIND59Logic.json	1087	4	0	0	0	0	0	0	1	10	0	0	0	0	0	0	0	0	0	0	117	10	0	0	0	0	3	0	0
fsh-generated/resources/Library-HIVIND5Logic.json	1057	3	0	0	0	0	0	0	0	10	0	0	0	0	0	0	0	0	0	0	134	10	0	0	0	0	5	0	0
fsh-generated/resources/Library-HIVIND60Logic.json	1107	3	0	0	0	0	0	0	0	11	0	0	0	0	0	0	0	0	0	0	152	11	0	0	0	0	6	0	0
fsh-generated/resources/Library-HIVIND61Logic.json	1096	4	0	0	0	0	0	0	0	10	0	0	0	0	0	0	0	0	0	0	132	10	0	0	0	0	5	0	0
fsh-generated/resources/Library-HIVIND62Logic.json	1145	3	0	0	0	0	0	0	1	12	0	0	0	0	0	0	0	0	0	0	201	13	0	0	0	0	7	0	0
fsh-generated/resources/Library-HIVIND63Logic.json	1127	3	0	0	0	0	0	0	0	10	0	0	0	0	0	0	0	0	0	0	148	12	0	0	0	0	6	0	0
fsh-generated/resources/Library-HIVIND64Logic.json	1111	3	0	0	0	0	0	0	0	11	0	0	0	0	0	0	0	0	0	0	210	13	0	0	0	0	8	0	0
fsh-generated/resources/Library-HIVIND65Logic.json	1083	4	0	0	0	0	0	0	1	9	0	0	0	0	0	0	0	0	0	0	183	13	0	0	0	0	7	0	0
fsh-generated/resources/Library-HIVIND66Logic.json	1151	3	0	0	0	0	0	0	0	11	0	0	0	0	0	0	0	1	0	0	205	14	0	0	0	0	8	0	0
fsh-generated/resources/Library-HIVIND67Logic.json	1133	3	0	0	1	0	0	0	0	10	0	0	0	0	0	0	0	0	0	0	184	12	0	0	0	0	6	0	0
fsh-generated/resources/Library-HIVIND68Logic.json	1153	3	0	0	0	0	0	0	0	10	0	0	0	0	0	0	0	0	0	0	224	14	0	0	0	0	9	0	0
fsh-generated/resources/Library-HIVIND69Logic.json	1129	4	0	0	0	0	0	0	1	10	0	0	0	0	0	0	0	0	0	0	196	13	0	0	0	0	9	0	0
fsh-generated/resources/Library-HIVIND6Logic.json	1039	3	0	0	0	0	0	0	0	14	0	0	0	0	0	0	0	0	0	0	136	11	0	0	0	0	4	0	0
fsh-generated/resources/Library-HIVIND70Logic.json	1098	3	0	0	0	0	0	0	0	12	0	0	0	0	0	0	0	0	0	0	178	13	0	0	0	0	6	0	0
fsh-generated/resources/Library-HIVIND71Logic.json	1080	3	0	0	0	0	0	0	1	12	0	0	0	0	0	0	0	0	0	0	151	11	0	0	0	0	6	0	0
fsh-generated/resources/Library-HIVIND72Logic.json	1077	4	0	0	0	0	0	0	0	12	0	0	0	0	0	0	0	0	0	0	197	14	0	0	0	0	7	0	0
fsh-generated/resources/Library-HIVIND73Logic.json	1093	3	0	0	0	0	0	0	0	12	0	0	0	0	0	0	0	0	0	0	152	11	0	0	0	0	5	0	0
fsh-generated/resources/Library-HIVIND74Logic.json	1153	3	0	0	0	0	0	0	1	11	0	0	0	0	0	0	0	0	0	0	135	12	0	0	0	0	5	0	0
fsh-generated/resources/Library-HIVIND75Logic.json	1135	3	0	0	0	0	0	0	0	11	0	0	0	0	0	0	0	0	0	0	121	10	0	0	0	0	4	0	0
fsh-generated/resources/Library-HIVIND76Logic.json	1117	4	0	0	0	0	0	0	0	12	0	0	0	0	0	0	0	0	0	0	181	13	0	0	0	0	6	0	0
fsh-generated/resources/Library-HIVIND77Logic.json	1099	3	0	0	1	0	0	0	1	11	0	0	0	0	0	0	0	0	0	0	169	12	0	0	0	0	6	0	0
fsh-generated/resources/Library-HIVIND78Logic.json	1181	3	0	0	0	0	0	0	0	11	0	0	0	0	0	0	0	0	0	0	166	27	0	0	0	0	6	0	1
fsh-generated/resources/Library-HIVIND79Logic.json	1163	4	0	0	0	0	0	0	0	11	0	0	0	0	0	0	0	0	0	0	159	26	0	0	0	0	6	0	0
fsh-generated/resources/Library-HIVIND7Logic.json	1076	3	0	0	0	0	0	0	1	17	0	0	0	0	0	0	0	0	0	0	167	12	0	0	0	0	6	0	0
fsh-generated/resources/Library-HIVIND80Logic.json	1170	3	0	0	0	0	0	0	0	13	0	0	0	0	0	0	0	0	0	0	124	10	0	0	0	0	4	0	0
fsh-generated/resources/Library-HIVIND81Logic.json	1152	3	0	0	0	0	0	0	0	10	0	0	0	0	0	0	0	0	0	0	116	9	0	0	0	0	4	0	0
fsh-generated/resources/Library-HIVIND82Logic.json	1144	4	0	0	0	0	0	0	1	10	0	0	0	0	0	0	0	0	0	0	125	10	0	0	0	0	4	0	0
fsh-generated/resources/Library-HIVIND83Logic.json	1182	3	0	0	0	0	0	0	0	10	0	0	0	0	0	0	0	0	0	0	127	11	0	0	0	0	5	0	0
fsh-generated/resources/Library-HIVIND84Logic.json	1164	3	0	0	0	0	0	0	0	13	0	0	0	0	0	0	0	0	0	0	116	10	0	0	0	0	4	0	0
fsh-generated/resources/Library-HIVIND85Logic.json	1141	4	0	0	0	0	0	0	0	10	0	0	0	0	0	0	0	0	0	0	202	13	0	0	0	0	8	0	0
fsh-generated/resources/Library-HIVIND86Logic.json	1123	3	0	0	0	0	0	0	1	10	0	0	0	0	0	0	0	0	0	0	156	12	0	0	0	0	5	0	0
fsh-generated/resources/Library-HIVIND87Logic.json	1115	3	0	0	0	0	0	0	0	11	0	0	0	0	0	0	0	1	0	0	213	14	0	0	0	0	9	0	0
fsh-generated/resources/Library-HIVIND88Logic.json	1158	3	0	0	0	0	0	0	0	10	0	0	0	0	0	0	0	0	0	0	159	11	0	0	0	0	6	0	0
fsh-generated/resources/Library-HIVIND89Logic.json	1140	4	0	0	1	0	0	0	1	10	0	0	0	0	0	0	0	0	0	0	121	10	0	0	0	0	5	0	0
fsh-generated/resources/Library-HIVIND8Logic.json	1085	3	0	0	0	0	0	0	0	10	0	0	0	0	0	0	0	0	0	0	110	9	0	0	0	0	3	0	0
fsh-generated/resources/Library-HIVIND90Logic.json	1088	4	0	0	0	0	0	0	0	10	0	0	0	0	0	0	0	0	0	0	215	14	0	0	0	0	9	0	0
fsh-generated/resources/Library-HIVIND91Logic.json	1146	3	0	0	0	0	0	0	0	10	0	0	0	0	0	0	0	0	0	0	160	12	0	0	0	0	6	0	0
fsh-generated/resources/Library-HIVIND92Logic.json	1121	3	0	0	0	0	0	0	1	10	0	0	0	0	0	0	0	0	0	0	259	17	0	0	0	0	10	0	0
fsh-generated/resources/Library-HIVIND93Logic.json	1097	3	0	0	0	0	0	0	0	10	0	0	0	0	0	0	0	0	0	0	93	8	0	0	0	0	3	0	0
fsh-generated/resources/Library-HIVIND94Logic.json	1115	4	0	0	0	0	0	0	0	10	0	0	0	0	0	0	0	0	0	0	155	11	0	0	0	0	7	0	0
fsh-generated/resources/Library-HIVIND95Logic.json	1077	3	0	0	0	0	0	0	0	9	0	0	0	0	0	0	0	0	0	0	138	10	0	0	0	0	5	0	0
fsh-generated/resources/Library-HIVIND96Logic.json	1077	3	0	0	0	0	0	0	1	13	0	0	0	0	0	0	0	0	0	0	222	14	0	0	0	0	9	0	0
fsh-generated/resources/Library-HIVIND9Logic.json	1121	4	0	0	0	0	0	0	0	10	0	0	0	0	0	0	0	0	0	0	66	7	0	0	0	0	1	0	0
fsh-generated/resources/Library-HIVIndicatorElements.json	1090	3	0	0	1	0	0	0	12	213	0	0	0	0	0	0	0	2	0	0	15283	819	0	0	0	0	602	0	1
fsh-generated/resources/Library-WHOCommon.json	1024	4	0	0	0	0	0	0	0	8	0	0	0	0	0	0	0	0	0	0	992	45	0	0	0	0	45	0	0
fsh-generated/resources/Library-WHOConcepts.json	1036	4	0	0	0	0	0	0	1	22	0	0	0	0	0	0	0	0	0	0	38	5	0	0	0	0	1	0	0
fsh-generated/resources/Library-WHOElements.json	1036	3	0	0	0	0	0	0	0	12	0	0	0	0	0	0	0	0	0	0	53	5	0	0	0	0	2	0	0
fsh-generated/resources/Library-WHOEncounterElements.json	1090	3	0	0	0	0	0	0	0	8	0	0	0	0	0	0	0	0	0	0	52	5	0	0	0	0	2	0	0
fsh-generated/resources/Measure-HIVIND11.json	3063	4	0	0	0	0	0	0	1	74	0	0	0	0	0	0	0	0	0	0	114	35	0	0	0	0	2	0	1
fsh-generated/resources/Measure-HIVIND12.json	3237	3	0	0	0	0	0	0	1	22	0	0	0	0	0	0	0	0	0	0	20	14	0	0	0	0	0	0	0
fsh-generated/resources/Measure-HIVIND13.json	3143	3	0	0	1	0	0	0	1	31	0	0	0	0	0	0	0	0	0	0	86	36	0	0	0	0	1	0	0
fsh-generated/resources/Measure-HIVIND14.json	3274	4	0	0	0	0	0	0	1	32	0	0	0	0	0	0	0	0	0	0	86	38	0	0	0	0	1	0	0
fsh-generated/resources/Measure-HIVIND15.json	3740	4	0	0	0	0	0	0	2	34	0	0	0	0	0	0	0	0	0	0	111	49	0	0	0	0	1	0	1
fsh-generated/resources/Measure-HIVIND16.json	3267	3	0	0	0	0	0	0	2	35	0	0	0	0	0	0	0	1	0	0	124	49	0	0	0	0	1	0	1
fsh-generated/resources/Measure-HIVIND18.json	3721	3	0	0	0	0	0	0	2	38	0	0	0	0	0	0	0	0	0	0	122	53	0	0	0	0	2	0	0
fsh-generated/resources/Measure-HIVIND19.json	3300	3	0	0	0	0	0	0	1	32	0	0	0	0	0	0	0	0	0	0	103	42	0	0	0	0	1	0	1
fsh-generated/resources/Measure-HIVIND2.json	3686	4	0	0	0	0	0	0	3	44	0	0	0	0	0	0	0	0	0	0	168	60	0	0	0	0	2	0	1
fsh-generated/resources/Measure-HIVIND20.json	3191	3	0	0	0	0	0	0	2	33	0	0	0	0	0	0	0	0	0	0	111	41	0	0	0	0	1	0	0
fsh-generated/resources/Measure-HIVIND21.json	3141	3	0	0	0	0	0	0	2	28	0	0	0	0	0	0	0	0	0	0	108	43	0	0	0	0	1	0	1
fsh-generated/resources/Measure-HIVIND22.json	3727	4	0	0	0	0	0	0	2	30	0	0	0	0	0	0	0	0	0	0	153	70	0	0	0	0	2	0	1
fsh-generated/resources/Measure-HIVIND24.json	3551	3	0	0	0	0	0	0	3	33	0	0	0	0	0	0	0	0	0	0	165	57	0	0	0	0	2	0	0
fsh-generated/resources/Measure-HIVIND25.json	3536	3	0	0	0	0	0	0	1	27	0	0	0	0	0	0	0	0	0	0	112	41	0	0	0	0	1	0	1
fsh-generated/resources/Measure-HIVIND27.json	3724	4	0	0	0	0	0	0	2	27	0	0	0	0	0	0	0	0	0	0	134	47	0	0	0	0	2	0	1
fsh-generated/resources/Measure-HIVIND28.json	3590	3	0	0	0	0	0	0	2	27	0	0	0	0	0	0	0	0	0	0	105	30	0	0	0	0	1	0	0
fsh-generated/resources/Measure-HIVIND29.json	3633	3	0	0	0	0	0	0	2	33	0	0	0	0	0	0	0	1	0	0	126	28	0	0	0	0	1	0	1
fsh-generated/resources/Measure-HIVIND3.json	3779	3	0	0	0	0	0	0	2	28	0	0	0	0	0	0	0	0	0	0	162	33	0	0	0	0	2	0	1
fsh-generated/resources/Measure-HIVIND30.json	3664	4	0	0	0	0	0	0	2	21	0	0	0	0	0	0	0	0	0	0	93	23	0	0	0	0	1	0	0
fsh-generated/resources/Measure-HIVIND31.json	3262	3	0	0	0	0	0	0	2	23	0	0	0	0	0	0	0	0	0	0	102	23	0	0	0	0	1	0	1
fsh-generated/resources/Measure-HIVIND32.json	3204	3	0	0	0	0	0	0	2	27	0	0	0	0	0	0	0	0	0	0	141	31	0	0	0	0	2	0	0
fsh-generated/resources/Measure-HIVIND33.json	3437	4	0	0	0	0	0	0	1	26	0	0	0	0	0	0	0	0	0	0	132	29	0	0	0	0	2	0	1
fsh-generated/resources/Measure-HIVIND34.json	3354	3	0	0	0	0	0	0	3	30	0	0	0	0	0	0	0	0	0	0	177	37	0	0	0	0	2	0	1
fsh-generated/resources/Measure-HIVIND35.json	3149	4	0	0	0	0	0	0	4	40	0	0	0	0	0	0	0	0	0	0	266	47	0	0	0	0	3	0	1
fsh-generated/resources/Measure-HIVIND37.json	3446	3	0	0	0	0	0	0	2	31	0	0	0	0	0	0	0	0	0	0	137	29	0	0	0	0	1	0	1
fsh-generated/resources/Measure-HIVIND38.json	3401	3	0	0	0	0	0	0	1	15	0	0	0	0	0	0	0	1	0	0	60	15	0	0	0	0	1	0	0
fsh-generated/resources/Measure-HIVIND39.json	3138	4	0	0	1	0	0	0	1	19	0	0	0	0	0	0	0	0	0	0	88	21	0	0	0	0	1	0	0
fsh-generated/resources/Measure-HIVIND4.json	3653	3	0	0	0	0	0	0	2	29	0	0	0	0	0	0	0	0	0	0	148	31	0	0	0	0	2	0	1
fsh-generated/resources/Measure-HIVIND40.json	3272	3	0	0	0	0	0	0	2	25	0	0	0	0	0	0	0	0	0	0	124	25	0	0	0	0	1	0	1
fsh-generated/resources/Measure-HIVIND41.json	3104	3	0	0	0	0	0	0	2	19	0	0	0	0	0	0	0	0	0	0	106	22	0	0	0	0	1	0	0
fsh-generated/resources/Measure-HIVIND42.json	3555	4	0	0	0	0	0	0	1	16	0	0	0	0	0	0	0	0	0	0	77	17	0	0	0	0	1	0	1
fsh-generated/resources/Measure-HIVIND43.json	3176	3	0	0	0	0	0	0	1	24	0	0	0	0	0	0	0	0	0	0	127	24	0	0	0	0	2	0	0
fsh-generated/resources/Measure-HIVIND44.json	3166	3	0	0	0	0	0	0	2	23	0	0	0	0	0	0	0	0	0	0	117	25	0	0	0	0	1	0	1
fsh-generated/resources/Measure-HIVIND45.json	3227	4	0	0	0	0	0	0	2	82	0	0	0	0	0	0	1	0	0	0	114	26	0	0	0	0	1	0	0
fsh-generated/resources/Measure-HIVIND46.json	3371	3	0	0	0	0	0	0	2	26	0	0	0	0	0	0	0	0	0	0	154	32	0	0	0	0	2	0	1
fsh-generated/resources/Measure-HIVIND47.json	3391	3	0	0	0	0	0	0	3	24	0	0	0	0	0	0	0	1	0	0	140	33	0	0	0	0	2	0	1
fsh-generated/resources/Measure-HIVIND48.json	3394	4	0	0	0	0	0	0	1	22	0	0	0	0	0	0	0	0	0	0	102	23	0	0	0	0	1	0	0
fsh-generated/resources/Measure-HIVIND49.json	3288	3	0	0	0	0	0	0	2	22	0	0	0	0	0	0	0	0	0	0	105	28	0	0	0	0	1	0	1
fsh-generated/resources/Measure-HIVIND5.json	3672	4	0	0	0	0	0	0	3	26	0	0	0	0	0	0	0	0	1	0	175	36	0	0	0	0	2	0	1
fsh-generated/resources/Measure-HIVIND50.json	3335	3	0	0	0	0	0	0	1	22	0	0	0	0	0	0	0	0	0	0	108	25	0	0	0	0	1	0	0
fsh-generated/resources/Measure-HIVIND51.json	3327	4	0	0	0	0	0	0	2	22	0	0	0	0	0	0	0	0	0	0	115	29	0	0	0	0	2	0	1
fsh-generated/resources/Measure-HIVIND52.json	3289	3	0	0	0	0	0	0	2	25	0	0	0	0	0	0	0	0	0	0	122	36	0	0	0	0	1	0	0
fsh-generated/resources/Measure-HIVIND53.json	3643	3	0	0	0	0	0	0	2	28	0	0	0	0	0	0	0	0	0	0	145	34	0	0	0	0	2	0	1
fsh-generated/resources/Measure-HIVIND54.json	3431	3	0	0	0	0	0	0	2	29	0	0	0	0	0	0	0	0	0	0	160	33	0	0	0	0	2	0	1
fsh-generated/resources/Measure-HIVIND55.json	3569	4	0	0	0	0	0	0	2	27	0	0	0	0	0	0	0	1	0	0	154	32	0	0	0	0	1	0	1
fsh-generated/resources/Measure-HIVIND56.json	3317	3	0	0	0	0	0	0	2	19	0	0	0	0	0	0	0	0	0	0	116	25	0	0	0	0	2	0	0
fsh-generated/resources/Measure-HIVIND57.json	3521	3	0	0	1	0	0	0	2	20	0	0	0	0	0	0	0	0	0	0	98	23	0	0	0	0	1	0	1
fsh-generated/resources/Measure-HIVIND58.json	3245	4	0	0	0	0	0	0	2	24	0	0	0	0	0	0	0	0	0	0	149	31	0	0	0	0	1	0	0
fsh-generated/resources/Measure-HIVIND59.json	3222	3	0	0	0	0	0	0	2	21	0	0	0	0	0	0	0	0	0	0	104	24	0	0	0	0	2	0	1
fsh-generated/resources/Measure-HIVIND6.json	3199	3	0	0	0	0	0	0	2	21	0	0	0	0	0	0	0	0	0	0	132	27	0	0	0	0	1	0	0
fsh-generated/resources/Measure-HIVIND60.json	3229	4	0	0	0	0	0	0	1	23	0	0	0	0	0	0	0	0	0	0	130	27	0	0	0	0	2	0	1
fsh-generated/resources/Measure-HIVIND61.json	3190	3	0	0	0	0	0	0	3	23	0	0	0	0	0	0	0	0	0	0	133	28	0	0	0	0	1	0	1
fsh-generated/resources/Measure-HIVIND62.json	3418	3	0	0	0	0	0	0	3	28	0	0	0	0	0	0	0	0	0	0	175	35	0	0	0	0	2	0	1
fsh-generated/resources/Measure-HIVIND63.json	3431	3	0	0	0	0	0	0	2	24	0	0	0	0	0	0	0	0	0	0	111	26	0	0	0	0	1	0	0
fsh-generated/resources/Measure-HIVIND64.json	3218	4	0	0	0	0	0	0	1	20	0	0	0	0	0	0	0	0	0	0	112	23	0	0	0	0	2	0	1
fsh-generated/resources/Measure-HIVIND65.json	3148	3	0	0	0	0	0	0	2	20	0	0	0	0	0	0	0	1	0	0	111	22	0	0	0	0	1	0	0
fsh-generated/resources/Measure-HIVIND66.json	3176	3	0	0	0	0	0	0	1	19	0	0	0	0	0	0	0	0	0	0	87	19	0	0	0	0	1	0	0
fsh-generated/resources/Measure-HIVIND67.json	3119	4	0	0	0	0	0	0	1	19	0	0	0	0	0	0	0	0	0	0	87	24	0	0	0	0	1	0	1
fsh-generated/resources/Measure-HIVIND68.json	3190	3	0	0	0	0	0	0	2	20	0	0	0	0	0	0	0	0	0	0	122	25	0	0	0	0	1	0	0
fsh-generated/resources/Measure-HIVIND69.json	3108	3	0	0	0	0	0	0	1	21	0	0	0	0	0	0	0	0	0	0	120	23	0	0	0	0	2	0	1
fsh-generated/resources/Measure-HIVIND7.json	3285	3	0	0	0	0	0	0	2	20	0	0	0	0	0	0	0	0	0	0	132	32	0	0	0	0	1	0	0
fsh-generated/resources/Measure-HIVIND70.json	3054	4	0	0	0	0	0	0	1	15	0	0	0	0	0	0	0	0	0	0	69	17	0	0	0	0	1	0	1
fsh-generated/resources/Measure-HIVIND71.json	3084	3	0	0	0	0	0	0	1	19	0	0	0	0	0	0	0	0	0	0	97	20	0	0	0	0	1	0	0
fsh-generated/resources/Measure-HIVIND72.json	3092	3	0	0	0	0	0	0	2	14	0	0	0	0	0	0	0	0	0	0	79	16	0	0	0	0	1	0	0
fsh-generated/resources/Measure-HIVIND73.json	3117	4	0	0	1	0	0	0	1	15	0	0	0	0	0	0	0	0	0	0	69	16	0	0	0	0	1	0	1
fsh-generated/resources/Measure-HIVIND74.json	3184	3	0	0	0	0	0	0	1	13	0	0	0	0	0	0	0	0	0	0	82	19	0	0	0	0	1	0	0
fsh-generated/resources/Measure-HIVIND75.json	3127	3	0	0	0	0	0	0	1	14	0	0	0	0	0	0	0	0	0	0	77	20	0	0	0	0	2	0	0
fsh-generated/resources/Measure-HIVIND76.json	3075	3	0	0	0	0	0	0	1	9	0	0	0	0	0	0	0	0	0	0	93	18	0	0	0	0	1	0	1
fsh-generated/resources/Measure-HIVIND77.json	3060	4	0	0	0	0	0	0	2	9	0	0	0	0	0	0	0	1	0	0	121	41	0	0	0	0	2	0	0
fsh-generated/resources/Measure-HIVIND78.json	3199	3	0	0	0	0	0	0	1	9	0	0	0	0	0	0	0	0	0	0	92	32	0	0	0	0	2	0	1
fsh-generated/resources/Measure-HIVIND79.json	3142	3	0	0	0	0	0	0	1	15	0	0	0	0	0	0	0	0	0	0	102	34	0	0	0	0	2	0	0
fsh-generated/resources/Measure-HIVIND8.json	3274	3	0	0	0	0	0	0	2	19	0	0	0	0	0	0	0	0	0	0	75	29	0	0	0	0	1	0	0
fsh-generated/resources/Measure-HIVIND80.json	3090	4	0	0	0	0	0	0	1	16	0	0	0	0	0	0	0	0	0	0	70	30	0	0	0	0	1	0	1
fsh-generated/resources/Measure-HIVIND81.json	3075	3	0	0	0	0	0	0	1	16	0	0	0	0	0	0	0	0	0	0	72	32	0	0	0	0	2	0	0
fsh-generated/resources/Measure-HIVIND82.json	3026	3	0	0	0	0	0	0	1	18	0	0	0	0	0	0	0	0	0	0	96	35	0	0	0	0	1	0	1
fsh-generated/resources/Measure-HIVIND83.json	3144	4	0	0	0	0	0	0	1	12	0	0	0	0	0	0	0	0	0	0	72	28	0	0	0	0	2	0	0
fsh-generated/resources/Measure-HIVIND84.json	3129	3	0	0	0	0	0	0	1	15	0	0	0	0	0	0	0	0	0	0	74	30	0	0	0	0	1	0	0
fsh-generated/resources/Measure-HIVIND85.json	3099	3	0	0	0	0	0	0	1	17	0	0	0	0	0	0	0	0	0	0	79	32	0	0	0	0	1	0	1
fsh-generated/resources/Measure-HIVIND86.json	3033	4	0	0	0	0	0	0	1	17	0	0	0	0	0	0	0	0	0	0	80	25	0	0	0	0	2	0	0
fsh-generated/resources/Measure-HIVIND87.json	3003	3	0	0	0	0	0	0	2	19	0	0	0	0	0	0	0	0	0	0	106	26	0	0	0	0	2	0	0
fsh-generated/resources/Measure-HIVIND88.json	3124	3	0	0	0	0	0	0	1	13	0	0	0	0	0	0	0	0	0	0	75	17	0	0	0	0	1	0	1
fsh-generated/resources/Measure-HIVIND89.json	3117	4	0	0	0	0	0	0	1	14	0	0	0	0	0	0	0	1	0	0	71	17	0	0	0	0	1	0	0
fsh-generated/resources/Measure-HIVIND9.json	3343	3	0	0	1	0	0	0	0	6	0	0	0	0	0	0	0	0	0	0	24	9	0	0	0	0	1	0	0
fsh-generated/resources/Measure-HIVIND90.json	3052	3	0	0	0	0	0	0	2	17	0	0	0	0	0	0	0	0	0	0	89	21	0	0	0	0	1	0	0
fsh-generated/resources/Measure-HIVIND91.json	3063	3	0	0	0	0	0	0	1	15	0	0	0	0	0	0	0	0	0	0	73	19	0	0	0	0	1	0	1
fsh-generated/resources/Measure-HIVIND92.json	3230	4	0	0	0	0	0	0	1	18	0	0	0	0	0	0	0	0	0	0	91	25	0	0	0	1	2	0	0
fsh-generated/resources/Measure-HIVIND93.json	3508	3	0	0	0	0	0	0	1	14	0	0	0	0	0	0	0	0	0	0	67	17	0	0	0	0	3	0	0
fsh-generated/resources/Measure-HIVIND94.json	3136	3	0	0	0	0	0	0	1	13	0	0	0	0	0	0	0	0	0	0	74	19	0	0	0	0	1	0	0
fsh-generated/resources/Measure-HIVIND95.json	3002	4	0	0	0	0	0	0	1	9	0	0	0	0	0	0	0	0	0	0	94	26	0	0	0	0	2	0	0
fsh-generated/resources/Measure-HIVIND96.json	3043	3	0	0	0	0	0	0	2	14	0	0	0	0	0	0	0	0	0	0	86	21	0	0	0	0	1	0	1
fsh-generated/resources/MedicationRequest-ExampleCurrentPrepRegimenPrescription.json	569	3	0	0	0	0	0	0	0	1	0	0	0	1	0	0	0	0	0	0	4	8	0	0	0	0	0	0	0
fsh-generated/resources/MedicationStatement-ExampleAltPepBackbonePrescription.json	560	3	0	0	0	0	0	0	0	1	0	0	0	0	0	0	0	0	0	0	4	6	0	0	0	0	0	0	0
fsh-generated/resources/MedicationStatement-ExampleAltThirdPepPrescription.json	551	4	0	0	0	0	0	0	0	1	0	0	0	0	0	0	0	0	0	0	4	3	0	0	0	0	0	0	0
fsh-generated/resources/MedicationStatement-ExampleHivOnArt.json	664	3	0	0	0	0	0	0	0	3	0	0	0	0	0	0	0	0	0	0	4	3	0	0	0	0	0	0	0
fsh-generated/resources/MedicationStatement-ExamplePreferredPepBackbonePrescription.json	564	3	0	0	0	0	0	0	0	1	0	0	0	0	0	0	0	0	0	0	4	4	0	0	0	0	0	0	0
fsh-generated/resources/MedicationStatement-ExamplePreferredThirdPepPrescription.json	553	3	0	0	0	0	0	0	0	0	0	0	0	0	0	0	0	0	0	0	4	2	0	0	0	0	0	0	0
fsh-generated/resources/MedicationStatement-ExamplePrepProductPrescription.json	507	4	0	0	0	0	0	0	0	2	0	0	0	0	0	0	0	0	0	0	3	2	0	0	0	0	0	0	0
fsh-generated/resources/Observation-ExampleCervicalCancerScreening.json	855	3	0	0	0	0	0	0	0	4	0	0	0	0	0	0	0	0	0	0	5	10	0	0	0	0	0	0	0
fsh-generated/resources/Observation-ExampleHcvTestObservation.json	931	3	0	0	0	0	0	0	0	1	0	0	0	0	0	0	0	0	0	0	5	3	0	0	0	0	0	0	0
fsh-generated/resources/Observation-ExampleHivKeyPopulation.json	929	3	0	0	0	0	0	0	0	1	0	0	0	0	0	0	0	0	0	0	4	4	0	0	0	0	0	0	0
fsh-generated/resources/Observation-ExampleHivPreventionIntervention.json	706	4	0	0	0	0	0	0	0	4	0	0	0	0	0	0	0	0	0	0	5	4	0	0	0	0	0	0	0
fsh-generated/resources/Observation-ExampleHivStatusPositiveObservation.json	689	3	0	0	0	0	0	0	0	1	0	0	0	0	0	0	0	0	0	0	4	3	0	0	0	0	0	0	0
fsh-generated/resources/Observation-ExampleHivTest.json	921	3	0	0	0	0	0	0	0	1	0	0	0	0	0	0	0	0	0	0	5	4	0	0	0	0	0	0	0
fsh-generated/resources/Patient-ExampleHivPatient.json	310	5	0	0	0	0	0	0	0	0	0	0	0	0	0	0	0	0	0	0	3	8	0	0	0	0	0	0	0
fsh-generated/resources/PlanDefinition-CareAndTreatmentClinicalVisit-PlanDefinition.json	10547	4	0	0	0	0	0	0	1	9	0	0	0	0	0	0	0	0	0	0	45	14	0	0	0	0	1	0	0
fsh-generated/resources/PlanDefinition-HIV-A-Registration-PlanDefinition.json	7549	3	0	0	0	0	0	0	0	5	0	0	0	0	0	0	0	0	0	0	20	8	0	0	0	0	1	0	0
fsh-generated/resources/PlanDefinition-HIV-Testing-PlanDefinition.json	12160	4	0	0	1	0	0	0	1	7	0	0	0	0	0	0	0	0	0	0	43	12	0	0	0	0	1	0	0
fsh-generated/resources/PlanDefinition-HIVB2DT.json	2017	3	0	0	0	0	0	0	1	7	0	0	0	0	0	0	0	0	0	0	39	25	0	0	0	0	1	0	1
fsh-generated/resources/PlanDefinition-HIVB9DT.json	14768	4	0	0	0	0	0	0	3	17	0	0	0	0	0	0	0	1	0	0	103	52	0	0	0	0	3	0	1
fsh-generated/resources/PlanDefinition-HIVC23DT.json	2704	3	0	0	0	0	0	0	1	8	0	0	0	0	0	0	0	0	0	0	45	16	0	0	0	0	2	0	0
fsh-generated/resources/PlanDefinition-HIVC7DT.json	2785	3	0	0	0	0	0	0	2	8	0	0	0	0	0	0	0	0	0	0	102	29	0	0	0	0	3	0	1
fsh-generated/resources/PlanDefinition-HIVD12DT.json	1617	4	0	0	0	0	0	0	2	6	0	0	0	0	0	0	0	0	0	0	69	25	0	0	0	0	3	0	0
fsh-generated/resources/PlanDefinition-HIVD15DT.json	1872	3	0	0	0	0	0	0	1	5	0	0	0	0	0	0	0	0	0	0	54	31	0	0	0	0	2	0	1
fsh-generated/resources/PlanDefinition-HIVD4DT.json	1594	3	0	0	0	0	0	0	2	6	0	0	0	0	0	0	0	0	0	0	58	30	0	0	0	0	2	0	1
fsh-generated/resources/PlanDefinition-PrEP-visit-PlanDefinition.json	9547	4	0	0	0	0	0	0	0	7	0	0	0	0	0	0	0	0	0	0	44	13	0	0	0	0	0	0	0
fsh-generated/resources/Practitioner-ExampleSurgeon.json	63	3	0	0	0	0	0	0	0	1	0	0	0	0	0	0	0	0	0	0	2	4	0	0	0	0	0	0	0
fsh-generated/resources/Procedure-ExampleHivInvasiveCervicalCancerTreatment.json	729	3	0	0	0	0	0	0	0	3	0	0	0	0	0	0	0	0	0	0	5	13	0	0	0	0	0	0	0
fsh-generated/resources/Procedure-HivVmmcProcedureExample.json	470	3	0	0	0	0	0	0	0	1	0	0	0	0	0	0	0	0	0	0	3	4	0	0	0	0	0	0	0
fsh-generated/resources/Questionnaire-HIV.A2GatherClientDetails.json	1659	4	0	0	0	0	0	0	0	59	0	0	0	0	0	0	0	0	0	0	30	16	0	0	0	0	2	0	0
fsh-generated/resources/Questionnaire-HIV.A5CreateNewClientRecord.json	5933	3	0	0	0	0	0	0	1	17	0	0	0	0	0	0	0	0	0	0	83	36	0	0	0	0	2	0	0
fsh-generated/resources/Questionnaire-HIV.A6.1ReviewSociodemographicDataWithClient.json	5999	4	0	0	0	0	0	0	0	17	0	0	0	0	0	0	0	0	0	0	82	37	0	0	0	0	3	0	0
fsh-generated/resources/Questionnaire-HIV.B18ProvideVoluntaryPartnerAndFamilyServices.json	1001	3	0	0	0	0	0	0	0	8	0	0	0	0	0	0	0	0	0	0	17	18	0	0	0	0	1	0	0
fsh-generated/resources/Questionnaire-HIV.B1DetermineReasonForVisit.json	2650	3	0	0	0	0	0	0	1	11	0	0	0	0	0	0	0	0	0	0	38	26	0	0	0	0	1	0	0
fsh-generated/resources/Questionnaire-HIV.B20ScheduleRetest.json	1800	4	0	0	0	0	0	0	0	12	0	0	0	0	0	0	0	1	0	0	30	21	0	0	0	0	1	0	0
fsh-generated/resources/Questionnaire-HIV.B21OfferPreventionOptions.json	2459	4	0	0	0	0	0	0	0	11	0	0	0	0	0	0	0	0	0	0	37	19	0	0	0	0	1	0	0
fsh-generated/resources/Questionnaire-HIV.B23OfferSexualAndReproductiveHealthServices.json	9625	4	0	0	1	0	0	0	1	21	0	0	0	0	0	0	0	0	0	0	126	31	0	0	0	0	4	0	0
fsh-generated/resources/Questionnaire-HIV.B6CaptureOrUpdateClientHistory.json	6498	4	0	0	0	0	0	0	0	17	0	0	0	0	0	0	0	1	0	0	89	23	0	0	0	0	3	0	0
fsh-generated/resources/Questionnaire-HIV.B7TestForHivUsingTestingAlgorithm.json	5096	3	0	0	0	0	0	0	1	14	0	0	0	0	0	0	0	0	0	0	68	22	0	0	0	0	2	0	0
fsh-generated/resources/Questionnaire-HIV.B8ProvidePostTestCounselling.json	1790	4	0	0	0	0	0	0	0	10	0	0	0	0	0	0	0	0	0	0	28	17	0	0	0	0	1	0	0
fsh-generated/resources/Questionnaire-HIV.B9DetermineRecommendedServices.json	3916	3	0	0	0	0	0	0	0	11	0	0	0	0	0	0	0	0	0	0	52	28	0	0	0	0	1	0	0
fsh-generated/resources/Questionnaire-HIV.C10CounselOnRiskAndPrevention.json	3093	3	0	0	0	0	0	0	0	11	0	0	0	0	0	0	0	0	0	0	42	19	0	0	0	0	2	0	0
fsh-generated/resources/Questionnaire-HIV.C17DetermineRecommendedTests.json	952	3	0	0	0	0	0	0	0	8	0	0	0	0	0	0	0	0	0	0	16	8	0	0	0	0	0	0	0
fsh-generated/resources/Questionnaire-HIV.C1DetermineReasonForVisit.json	1121	4	0	0	0	0	0	0	0	8	0	0	0	0	0	0	0	0	0	0	20	8	0	0	0	0	1	0	0
fsh-generated/resources/Questionnaire-HIV.C21Diagnostics.json	1049	3	0	0	0	0	0	0	0	9	0	0	0	0	0	0	0	0	0	0	19	11	0	0	0	0	1	0	0
fsh-generated/resources/Questionnaire-HIV.C23PrescribeOrAdministerPrepOrPep.json	5925	3	0	0	1	0	0	0	1	14	0	0	0	0	0	0	0	0	0	0	80	23	0	0	0	0	2	0	1
fsh-generated/resources/Questionnaire-HIV.C24ScheduleFollowUp.json	1330	3	0	0	0	0	0	0	0	9	0	0	0	0	0	0	0	0	0	0	23	12	0	0	0	0	1	0	0
fsh-generated/resources/Questionnaire-HIV.C3CaptureOrUpdateClientHistory.json	5343	4	0	0	0	0	0	0	0	14	0	0	0	0	0	0	0	0	0	0	71	20	0	0	0	0	3	0	0
fsh-generated/resources/Questionnaire-HIV.C6PostTestPackageOfServices.json	923	3	0	0	0	0	0	0	0	8	0	0	0	0	0	0	0	0	0	0	16	8	0	0	0	0	0	0	0
fsh-generated/resources/Questionnaire-HIV.C8SuitableForPrepOrPep.json	1071	3	0	0	0	0	0	0	0	9	0	0	0	0	0	0	0	0	0	0	19	8	0	0	0	0	1	0	0
fsh-generated/resources/Questionnaire-HIV.D10CounselReturningClient.json	2743	3	0	0	0	0	0	0	0	11	0	0	0	0	0	0	0	0	0	0	39	12	0	0	0	0	1	0	0
fsh-generated/resources/Questionnaire-HIV.D12DetermineRecommendedScreeningsAndTests.json	5201	4	0	0	0	0	0	0	0	14	0	0	0	0	0	0	0	0	0	0	68	20	0	0	0	0	2	0	0
fsh-generated/resources/Questionnaire-HIV.D14PreventScreenAndManageComorbiditiesAndCoinfections.json	1771	3	0	0	0	0	0	0	1	9	0	0	0	0	0	0	0	0	0	0	25	7	0	0	0	0	1	0	0
fsh-generated/resources/Questionnaire-HIV.D15DetermineClinicalStageOfHiv.json	1708	3	0	0	0	0	0	0	0	9	0	0	0	0	0	0	0	0	0	0	26	8	0	0	0	0	1	0	0
fsh-generated/resources/Questionnaire-HIV.D16PerformOtherScreenings.json	3999	3	0	0	1	0	0	0	0	12	0	0	0	0	0	0	0	0	0	0	54	16	0	0	0	0	2	0	0
fsh-generated/resources/Questionnaire-HIV.D17CheckForSignsOfTreatmentFailure.json	961	4	0	0	0	0	0	0	0	9	0	0	0	0	0	0	0	0	0	0	16	7	0	0	0	0	0	0	0
fsh-generated/resources/Questionnaire-HIV.D19AssessForVaccinePreventableDiseases.json	3243	3	0	0	0	0	0	0	0	12	0	0	0	0	0	0	0	0	0	0	44	10	0	0	0	0	2	0	0
fsh-generated/resources/Questionnaire-HIV.D1DetermineReasonForVisit.json	1376	3	0	0	0	0	0	0	0	8	0	0	0	0	0	0	0	0	0	0	22	6	0	0	0	0	1	0	0
fsh-generated/resources/Questionnaire-HIV.D20Diagnostics.json	14315	4	0	0	0	0	0	0	1	26	0	0	0	0	0	0	0	1	0	0	188	34	0	0	0	0	6	0	0
fsh-generated/resources/Questionnaire-HIV.D21DetermineRegimenAndTreatmentOptions.json	9638	4	0	0	0	0	0	0	0	18	0	0	0	0	0	0	0	0	0	0	120	38	0	0	0	0	3	0	0
fsh-generated/resources/Questionnaire-HIV.D23Prescribe.json	5533	3	0	0	0	0	0	0	0	9	0	0	0	0	0	0	0	0	0	0	75	34	0	0	0	0	3	0	0
fsh-generated/resources/Questionnaire-HIV.D24Counsel.json	5477	3	0	0	0	0	0	0	1	8	0	0	0	0	0	0	0	0	0	0	74	20	0	0	0	0	2	0	0
fsh-generated/resources/Questionnaire-HIV.D25OfferVoluntaryPartnerAndFamilyServices.json	3188	4	0	0	0	0	0	0	0	7	0	0	0	0	0	0	0	0	0	0	47	14	0	0	0	0	2	0	0
fsh-generated/resources/Questionnaire-HIV.D26OfferSexualAndReproductiveHealthServices.json	9625	3	0	0	0	0	0	0	0	10	0	0	0	0	0	0	0	0	0	0	125	32	0	0	0	0	4	0	0
fsh-generated/resources/Questionnaire-HIV.D28OfferOtherServices.json	9273	4	0	0	0	0	0	0	1	10	0	0	0	0	0	0	0	0	0	0	116	22	0	0	0	0	4	0	0
fsh-generated/resources/Questionnaire-HIV.D29ScheduleFollowUp.json	1993	3	0	0	0	0	0	0	0	6	0	0	0	0	0	0	0	0	0	0	30	7	0	0	0	0	1	0	0
fsh-generated/resources/Questionnaire-HIV.D2TakeVitalSigns.json	2725	4	0	0	0	0	0	0	0	6	0	0	0	0	0	0	0	0	0	0	41	9	0	0	0	0	1	0	1
fsh-generated/resources/Questionnaire-HIV.D3CheckForSignsOfSeriousIllness.json	1178	3	0	0	0	0	0	0	0	4	0	0	0	0	0	0	0	0	0	0	20	6	0	0	0	0	1	0	0
fsh-generated/resources/Questionnaire-HIV.D4ScreenForTb.json	4481	3	0	0	0	0	0	0	0	7	0	0	0	0	0	0	0	0	0	0	61	11	0	0	0	0	2	0	0
fsh-generated/resources/Questionnaire-HIV.D8CaptureOrUpdateClientHistory.json	17472	4	0	0	0	0	0	0	1	16	0	0	0	0	0	0	0	1	0	0	216	35	0	0	0	0	7	0	0
fsh-generated/resources/Questionnaire-HIV.E1CaptureOrUpdateMotherSHistory.json	16979	4	0	0	1	0	0	0	1	20	0	0	0	0	0	0	0	0	0	0	218	43	0	0	0	0	7	0	0
fsh-generated/resources/Questionnaire-HIV.E4TestMotherForHivUsingTestingAlgorithm.json	3659	3	0	0	0	0	0	0	0	7	0	0	0	0	0	0	0	0	0	0	50	14	0	0	0	0	2	0	0
fsh-generated/resources/Questionnaire-HIV.F12Prescribe.json	1771	4	0	0	0	0	0	0	0	5	0	0	0	0	0	0	0	0	0	0	28	10	0	0	0	0	1	0	0
fsh-generated/resources/Questionnaire-HIV.F16ImmediatelyStartInfantOnArt.json	905	3	0	0	0	0	0	0	0	5	0	0	0	0	0	0	0	0	0	0	17	6	0	0	0	0	0	0	0
fsh-generated/resources/Questionnaire-HIV.F20RecordInfantSChildSFinalHivDiagnosis.json	2202	3	0	0	0	0	0	0	0	6	0	0	0	0	0	0	0	0	0	0	31	10	0	0	0	0	2	0	0
fsh-generated/resources/Questionnaire-HIV.F2TakeVitalSigns.json	1038	3	0	0	0	0	0	0	0	6	0	0	0	0	0	0	0	0	0	0	20	8	0	0	0	0	0	0	0
fsh-generated/resources/Questionnaire-HIV.F3CaptureOrUpdateInfantSChildSHistory.json	4642	4	0	0	0	0	0	0	1	7	0	0	0	0	0	0	0	0	0	0	64	16	0	0	0	0	2	0	0
fsh-generated/resources/Questionnaire-HIV.F6CheckWhetherInfantChildHadHivExposure.json	1212	3	0	0	0	0	0	0	0	4	0	0	0	0	0	0	0	0	0	0	19	9	0	0	0	0	1	0	0
fsh-generated/resources/Questionnaire-HIV.F8TestInfantChildForHivUsingTestingAlgorithm.json	2414	3	0	0	0	0	0	0	0	7	0	0	0	0	0	0	0	0	0	0	34	10	0	0	0	0	1	0	0
fsh-generated/resources/Questionnaire-HIV.H1IdentifyClientForFollowUp.json	1143	3	0	0	0	0	0	0	0	4	0	0	0	0	0	0	0	0	0	0	20	8	0	0	0	0	1	0	0
fsh-generated/resources/Questionnaire-HIV.H2AttemptToLocateClient.json	1992	4	0	0	0	0	0	0	0	6	0	0	0	0	0	0	0	0	0	0	30	10	0	0	0	0	1	0	0
fsh-generated/resources/Questionnaire-HIV.H3RecordOutreachAndResult.json	4985	3	0	0	0	0	0	0	0	7	0	0	0	0	0	0	0	0	0	0	70	18	0	0	0	0	2	0	0
fsh-generated/resources/Questionnaire-HIV.HFollowingUpAndContactingClients.json	1164	3	0	0	0	0	0	0	1	5	0	0	0	0	0	0	0	0	0	0	20	8	0	0	0	0	1	0	0
fsh-generated/resources/Questionnaire-HIV.I1EmergencyReferral.json	854	3	0	0	0	0	0	0	0	5	0	0	0	0	0	0	0	0	0	0	16	7	0	0	0	0	1	0	0
fsh-generated/resources/Questionnaire-HIV.I6ProvideInformationToReferralFacility.json	3096	4	0	0	0	0	0	0	0	53	0	0	0	0	0	0	0	0	0	0	45	14	0	0	0	0	1	0	0
fsh-generated/resources/Requirements-HIV.A.Registration.json	5656	3	0	0	0	0	0	0	0	7	0	0	0	0	0	0	0	0	0	0	31	22	0	0	1	0	1	0	1
fsh-generated/resources/Requirements-HIV.B.HIVtestingservices.json	3453	4	0	0	1	0	0	0	0	9	0	0	0	0	0	0	0	0	0	0	21	17	0	0	0	0	1	0	0
fsh-generated/resources/Requirements-HIV.C.PrEPvisit.json	1472	3	0	0	0	0	0	0	0	8	0	0	0	0	0	0	0	0	0	0	11	12	0	0	0	0	0	0	0
fsh-generated/resources/Requirements-HIV.D.Careandtreatmentclinicalvisit.json	1723	3	0	0	0	0	0	0	0	7	0	0	0	0	0	0	0	1	0	0	12	14	0	0	0	0	1	0	0
fsh-generated/resources/Requirements-HIV.G.Diagnostics.json	349	3	0	0	0	0	0	0	0	7	0	0	0	0	0	0	0	0	0	0	5	9	0	0	0	0	0	0	0
fsh-generated/resources/Requirements-HIV.H.Followingupandcontactingclients.json	982	4	0	0	0	0	0	0	0	7	0	0	0	0	0	0	0	0	0	0	8	9	0	0	0	0	0	0	0
fsh-generated/resources/Requirements-HIV.I.Referral.json	1657	3	0	0	0	0	0	0	0	8	0	0	0	0	0	0	0	0	0	0	12	13	0	0	0	0	1	0	0
fsh-generated/resources/Requirements-HIV.J.Aggregatereportinganddatause.json	986	3	0	0	0	0	0	0	0	7	0	0	0	0	0	0	0	0	0	0	8	14	0	0	0	0	0	0	0
fsh-generated/resources/Requirements-HIVNonFunctionalRequirements.json	11719	4	0	0	0	0	0	0	1	14	0	0	0	0	0	0	0	0	0	0	74	29	0	0	0	0	3	0	1
fsh-generated/resources/StructureDefinition-ChildDeliveryObservation.json	2069	3	0	54	0	0	0	0	0	48	0	0	1	0	0	1	0	1	0	0	173	1443	0	0	0	0	8	1	1
fsh-generated/resources/StructureDefinition-HIVARegistration.json	18099	5	0	34	0	0	0	0	0	27	0	0	0	0	0	0	0	0	0	0	137	297	0	0	0	0	5	0	0
fsh-generated/resources/StructureDefinition-HIVBHTSvisit.json	74331	6	0	64	0	0	0	0	0	81	0	0	1	0	0	0	0	2	0	0	548	694	0	0	0	0	21	0	1
fsh-generated/resources/StructureDefinition-HIVCPrEPvisit.json	40522	5	0	46	0	0	0	0	0	44	0	0	0	0	0	0	0	1	0	0	296	298	0	0	0	0	12	0	1
fsh-generated/resources/StructureDefinition-HIVConfiguration.json	13929	4	0	38	0	0	0	0	0	19	0	0	0	0	0	0	0	0	0	0	102	151	0	0	0	0	4	0	0
fsh-generated/resources/StructureDefinition-HIVDCareTreatment.json	198992	13	0	82	0	0	0	0	0	146	0	0	1	0	0	0	0	4	0	0	1424	1006	0	0	1	0	69	0	3
fsh-generated/resources/StructureDefinition-HIVDHIVTB.json	23459	4	0	38	0	0	0	0	0	18	0	0	0	0	0	0	0	1	0	0	176	182	0	0	1	0	5	1	0
fsh-generated/resources/StructureDefinition-HIVEPMTCT.json	77687	7	0	50	0	0	0	0	0	67	0	0	1	0	0	0	0	2	0	0	569	469	0	0	0	0	16	0	2
fsh-generated/resources/StructureDefinition-HIVGDiagnostics.json	23959	5	0	32	0	0	0	0	0	26	0	0	0	0	0	0	0	0	0	0	184	180	0	0	0	0	4	0	0
fsh-generated/resources/StructureDefinition-HIVHFollowup.json	18238	4	0	10	0	0	0	0	0	24	0	0	0	0	0	0	0	1	0	0	140	150	0	0	0	0	3	0	0
fsh-generated/resources/StructureDefinition-HIVIReferral.json	8164	3	0	8	0	0	0	0	0	14	0	0	0	0	0	0	0	0	0	0	67	107	0	0	0	0	2	0	0
fsh-generated/resources/StructureDefinition-HIVPrevention.json	12325	4	0	8	0	0	0	0	0	17	0	0	0	0	0	0	0	0	0	0	116	136	0	0	0	0	2	0	1
fsh-generated/resources/StructureDefinition-HIVSurveillance.json	1382	3	0	6	0	0	0	0	0	9	0	0	0	0	0	0	0	0	0	0	17	58	0	0	0	0	0	0	0
fsh-generated/resources/StructureDefinition-HcvViralLoadTest.json	1333	4	0	49	0	0	0	0	0	24	0	0	0	0	0	0	0	1	0	0	153	211	0	0	0	0	5	0	0
fsh-generated/resources/StructureDefinition-HivAltPepBackbonePrescription.json	1242	3	0	30	0	0	0	0	0	15	0	0	0	0	0	0	0	1	0	0	148	227	0	0	0	0	5	0	1
fsh-generated/resources/StructureDefinition-HivAltThirdPepPrescription.json	1240	3	0	26	0	0	0	0	0	11	0	0	0	0	0	0	0	1	0	0	153	208	0	0	0	0	5	0	1
fsh-generated/resources/StructureDefinition-HivAncEncounter.json	856	3	0	41	0	0	0	0	0	11	0	0	0	0	0	0	0	1	0	0	160	217	0	0	0	0	4	1	1
fsh-generated/resources/StructureDefinition-HivAntiRetroviralEpisode.json	1101	3	0	12	0	0	0	0	0	19	0	0	0	0	0	0	0	0	0	0	89	143	0	0	0	0	2	0	0
fsh-generated/resources/StructureDefinition-HivAntiRetroviralTreatment.json	1590	3	0	13	0	0	0	0	0	18	0	0	0	0	0	0	0	1	0	0	86	149	0	0	0	0	3	0	0
fsh-generated/resources/StructureDefinition-HivCervicalCancerScreening.json	1374	4	0	17	0	0	1	0	0	18	0	0	0	0	0	0	0	0	0	0	146	195	0	0	0	0	5	0	1
fsh-generated/resources/StructureDefinition-HivCondition.json	829	3	0	21	1	0	0	0	0	9	0	0	1	0	0	0	0	1	0	0	99	166	0	0	0	0	3	0	0
fsh-generated/resources/StructureDefinition-HivCurrentPrepRegimenPrescription.json	1250	3	0	16	0	0	0	0	0	11	0	0	0	0	0	0	0	1	0	0	149	185	0	0	0	0	5	0	1
fsh-generated/resources/StructureDefinition-HivElevatedHivAcquisitionRiskCondition.json	983	3	0	12	0	0	0	0	0	8	0	0	0	0	0	0	0	0	0	0	101	154	0	0	0	0	3	0	0
fsh-generated/resources/StructureDefinition-HivElevatedRiskForAcquisition.json	1422	3	0	31	0	0	0	0	0	10	0	0	0	0	0	0	0	1	0	0	117	605	0	0	0	0	5	0	1
fsh-generated/resources/StructureDefinition-HivEncounter.json	836	3	0	0	0	0	0	0	0	23	0	0	0	0	0	0	0	1	0	0	160	222	0	0	0	0	6	0	1
fsh-generated/resources/StructureDefinition-HivGonorhoeaTest.json	1339	4	0	14	0	0	0	0	0	18	0	0	0	0	0	0	0	1	0	0	156	159	0	0	0	0	5	1	0
fsh-generated/resources/StructureDefinition-HivGonorrhoeaTreatment.json	1681	3	0	11	0	0	0	0	0	15	0	0	0	0	0	0	0	1	0	0	94	102	0	0	0	0	3	0	0
fsh-generated/resources/StructureDefinition-HivHBsAgTest.json	1390	3	0	82	0	0	0	0	0	11	0	0	0	0	0	0	0	0	0	0	157	157	0	0	0	0	5	0	1
fsh-generated/resources/StructureDefinition-HivHBsAgTestD.json	1395	3	0	16	0	0	0	0	0	18	0	0	0	0	0	0	0	1	0	0	157	146	0	0	0	0	5	0	1
fsh-generated/resources/StructureDefinition-HivHcvTest.json	1376	3	0	14	0	0	0	0	0	14	0	0	0	0	0	0	0	1	0	0	159	152	0	0	0	0	5	0	0
fsh-generated/resources/StructureDefinition-HivHcvTestD.json	1377	4	0	13	0	0	0	0	0	20	0	0	0	0	0	0	0	1	0	0	159	144	0	0	0	0	4	0	1
fsh-generated/resources/StructureDefinition-HivHcvTreatment.json	1570	3	0	11	0	0	0	1	0	8	0	0	0	0	0	0	0	0	0	0	85	129	0	0	0	0	3	0	0
fsh-generated/resources/StructureDefinition-HivHcvViralLoadTest.json	1387	3	0	13	0	0	0	0	0	11	0	0	1	0	0	0	0	1	0	0	157	152	0	0	0	0	7	0	1
fsh-generated/resources/StructureDefinition-HivHivTest.json	1077	3	0	14	0	0	0	0	0	17	0	0	0	0	0	0	0	1	0	0	153	143	0	0	0	0	6	1	0
fsh-generated/resources/StructureDefinition-HivHtsVisit.json	836	3	0	18	0	0	0	0	0	20	0	0	0	0	0	0	0	1	0	0	160	143	0	0	0	0	5	0	1
fsh-generated/resources/StructureDefinition-HivInfantPatient.json	864	4	0	30	0	0	0	0	0	11	0	0	0	0	0	0	0	1	0	0	134	144	0	0	0	0	5	0	1
fsh-generated/resources/StructureDefinition-HivInvasiveCervicalCancerDiagnosis.json	1062	3	0	12	0	0	0	0	0	8	0	0	0	0	0	0	0	0	0	0	104	107	0	0	0	0	3	0	0
fsh-generated/resources/StructureDefinition-HivInvasiveCervicalCancerTreatment.json	1062	3	0	13	0	0	0	0	0	10	0	0	0	0	0	0	0	1	0	0	119	120	0	0	0	0	3	0	1
fsh-generated/resources/StructureDefinition-HivKeyPopulation.json	1765	4	0	17	0	0	0	0	0	12	0	0	0	0	0	0	0	1	0	0	166	151	0	0	0	0	5	0	0
fsh-generated/resources/StructureDefinition-HivLabTestObservation.json	2048	3	0	0	0	0	0	0	0	91	0	0	0	0	0	0	0	1	0	0	169	177	0	0	0	0	5	0	1
fsh-generated/resources/StructureDefinition-HivLabTestServiceRequest.json	1358	3	0	14	0	0	0	0	0	21	0	0	0	0	0	0	0	0	0	0	117	163	0	0	0	0	4	0	0
fsh-generated/resources/StructureDefinition-HivLabTestSpecimen.json	851	3	0	14	0	0	0	0	0	16	0	0	0	0	0	0	0	1	0	0	106	167	0	0	0	0	3	1	1
fsh-generated/resources/StructureDefinition-HivMother.json	841	4	0	13	1	0	0	0	0	18	0	0	0	0	0	0	0	1	0	0	134	189	0	0	0	0	5	0	0
fsh-generated/resources/StructureDefinition-HivOamTreatment.json	913	3	0	11	0	0	0	0	1	10	0	0	0	0	0	0	0	0	0	0	77	121	0	0	0	0	3	0	1
fsh-generated/resources/StructureDefinition-HivOnArt.json	1481	3	0	9	0	0	0	0	0	9	0	0	0	0	0	0	0	1	0	0	90	115	0	0	0	0	2	0	0
fsh-generated/resources/StructureDefinition-HivPatient.json	1337	3	0	0	0	0	0	0	0	16	0	0	1	0	0	0	0	1	0	0	146	125	0	0	0	0	5	0	0
fsh-generated/resources/StructureDefinition-HivPepBackboneAlternativeTreatment.json	1277	3	0	19	0	0	0	0	0	9	0	0	0	0	0	0	0	0	0	0	79	81	0	0	0	0	2	0	1
fsh-generated/resources/StructureDefinition-HivPepBackbonePreferredTreatment.json	1268	4	0	9	0	0	0	0	0	8	0	0	0	0	0	0	0	0	0	0	77	81	0	0	0	0	3	0	0
fsh-generated/resources/StructureDefinition-HivPepThirdAlternativeTreatment.json	1278	3	0	11	0	0	0	0	0	8	0	0	0	0	0	0	0	1	0	0	79	80	0	0	0	0	2	0	0
fsh-generated/resources/StructureDefinition-HivPepThirdPreferredTreatment.json	1267	3	0	10	0	0	0	0	0	8	0	0	0	0	0	0	0	0	0	0	76	82	0	0	0	0	2	0	1
fsh-generated/resources/StructureDefinition-HivPregnancyCondition.json	886	3	0	10	0	0	0	0	0	16	0	0	0	0	0	0	0	1	0	0	102	94	0	0	0	0	3	0	0
fsh-generated/resources/StructureDefinition-HivPrepTreatment.json	1541	4	0	9	0	0	0	0	0	12	0	0	0	0	0	0	0	0	0	0	87	85	0	0	0	0	3	0	0
fsh-generated/resources/StructureDefinition-HivPreventionIntervention.json	1610	3	0	15	0	0	0	0	0	12	0	0	0	0	0	0	0	1	0	0	161	125	0	0	0	0	5	0	1
fsh-generated/resources/StructureDefinition-HivStatusCondition.json	1581	3	0	13	0	0	0	0	0	16	0	0	0	0	0	0	0	0	0	0	119	100	0	0	0	0	3	1	0
fsh-generated/resources/StructureDefinition-HivStatusObservation.json	1438	4	0	16	0	0	0	0	0	17	0	0	0	0	0	0	0	1	0	0	155	155	0	0	0	0	5	0	1
fsh-generated/resources/StructureDefinition-HivStiServices.json	812	3	0	13	0	0	0	0	0	10	0	0	0	0	0	0	0	1	0	0	115	110	0	0	0	0	4	0	0
fsh-generated/resources/StructureDefinition-HivSyndromeStiDiagnosis.json	1116	3	0	12	0	0	0	0	0	9	0	0	0	0	0	0	0	0	0	0	104	103	0	0	0	0	3	0	1
fsh-generated/resources/StructureDefinition-HivTreatment.json	940	3	0	32	1	0	0	0	0	21	0	0	0	0	0	0	0	1	0	0	145	123	0	0	0	0	5	0	1
fsh-generated/resources/StructureDefinition-HivTreatmentMedicationRequest.json	1208	3	0	0	0	0	0	0	0	20	0	0	0	0	0	0	0	1	0	0	148	188	0	0	0	0	4	1	0
fsh-generated/resources/StructureDefinition-HivTreatmentMedicationStatement.json	967	4	0	0	0	0	0	0	0	12	0	0	0	0	0	0	0	0	0	0	76	120	0	0	0	0	3	0	1
fsh-generated/resources/StructureDefinition-HivTreatmentProcedure.json	876	3	0	16	0	0	0	0	0	17	0	0	1	0	0	0	0	1	0	0	114	134	0	0	0	0	3	0	0
fsh-generated/resources/StructureDefinition-HivVmmcAdverseEvent.json	1438	3	0	12	0	0	0	0	0	16	0	0	0	0	0	0	0	1	0	0	100	118	0	0	0	0	3	0	0
fsh-generated/resources/StructureDefinition-HivVmmcProcedure.json	1273	3	0	14	0	0	0	0	0	18	0	0	0	0	0	0	0	0	0	0	131	145	0	0	0	0	3	0	1
fsh-generated/resources/ValueSet-HIV.A.DE13.json	786	3	0	0	0	0	0	0	0	78	0	0	0	0	0	0	0	0	0	0	5	190	0	0	0	0	1	0	0
fsh-generated/resources/ValueSet-HIV.A.DE18.json	1178	4	0	0	0	0	0	0	0	8	0	0	0	0	0	0	0	0	0	0	7	68	0	0	1	0	0	0	0
fsh-generated/resources/ValueSet-HIV.A.DE25.json	986	3	0	0	0	0	0	0	0	7	0	0	0	0	0	0	0	0	0	0	6	47	0	0	0	0	0	0	0
fsh-generated/resources/ValueSet-HIV.A.DE30.json	1774	3	0	0	0	0	0	0	0	6	0	0	0	0	0	0	0	0	0	0	9	110	0	0	0	0	0	0	0
fsh-generated/resources/ValueSet-HIV.A.DE43.json	1377	46	0	0	0	0	0	0	0	5	0	0	0	0	0	0	0	0	0	0	6	32	0	0	0	0	1	0	0
fsh-generated/resources/ValueSet-HIV.A.DE46.json	968	3	0	0	0	0	0	0	0	6	0	0	0	0	0	0	0	0	0	0	6	35	0	0	0	0	0	0	0
fsh-generated/resources/ValueSet-HIV.A.DE5.json	898	4	0	0	0	0	0	0	0	8	0	0	0	0	0	0	0	0	0	0	6	34	0	0	0	0	0	0	0
fsh-generated/resources/ValueSet-HIV.B.DE1.json	1042	3	0	0	0	0	0	0	0	7	0	0	0	0	0	0	0	0	0	0	6	33	0	0	0	0	0	0	0
fsh-generated/resources/ValueSet-HIV.B.DE102.json	1049	3	0	0	0	0	0	0	0	5	0	0	0	0	0	0	0	0	0	0	6	39	0	0	0	0	0	0	0
fsh-generated/resources/ValueSet-HIV.B.DE106.json	1067	3	0	0	0	0	0	0	0	4	0	0	0	0	0	0	0	0	0	0	7	38	0	0	0	0	1	0	0
fsh-generated/resources/ValueSet-HIV.B.DE111.json	1058	4	0	0	1	0	0	0	0	7	0	0	0	0	0	0	0	1	0	0	6	30	0	0	0	0	0	0	0
fsh-generated/resources/ValueSet-HIV.B.DE115.json	1108	3	0	0	0	0	0	0	0	5	0	0	0	0	0	0	0	0	0	0	6	37	0	0	0	0	0	0	0
fsh-generated/resources/ValueSet-HIV.B.DE120.json	855	3	0	0	0	0	0	0	0	4	0	0	0	0	0	0	0	0	0	0	5	34	0	0	0	0	0	0	0
fsh-generated/resources/ValueSet-HIV.B.DE121.json	1499	3	0	0	0	0	0	0	0	6	0	0	0	0	0	0	0	0	0	0	8	36	0	0	0	0	0	0	0
fsh-generated/resources/ValueSet-HIV.B.DE132.json	1045	3	0	0	0	0	0	0	1	4	0	0	0	0	0	0	0	0	0	0	6	29	0	0	0	0	0	0	0
fsh-generated/resources/ValueSet-HIV.B.DE136.json	1100	3	0	0	0	0	0	0	0	5	0	0	0	0	0	0	0	0	0	0	6	29	0	0	0	0	1	0	0
fsh-generated/resources/ValueSet-HIV.B.DE142.json	1518	4	0	0	0	0	0	0	0	9	0	0	0	0	0	0	0	0	0	0	8	32	0	0	0	0	0	0	0
fsh-generated/resources/ValueSet-HIV.B.DE149.json	2002	3	0	0	0	0	0	0	0	8	0	0	0	0	0	0	0	0	0	0	10	35	0	0	0	0	0	0	0
fsh-generated/resources/ValueSet-HIV.B.DE15.json	974	3	0	0	0	0	0	0	0	8	0	0	0	0	0	0	0	0	0	0	6	25	0	0	0	0	0	0	0
fsh-generated/resources/ValueSet-HIV.B.DE158.json	1551	3	0	0	0	0	0	0	0	9	0	0	0	0	0	0	0	0	0	0	11	26	0	0	0	0	1	0	0
fsh-generated/resources/ValueSet-HIV.B.DE165.json	1700	4	0	0	0	0	0	0	0	8	0	0	0	0	0	0	0	0	0	0	9	26	0	0	0	0	0	0	0
fsh-generated/resources/ValueSet-HIV.B.DE172.json	1382	3	0	0	1	0	0	0	0	8	0	0	0	0	0	0	0	0	0	0	10	27	0	0	0	0	0	0	0
fsh-generated/resources/ValueSet-HIV.B.DE179.json	1229	3	0	0	0	0	0	0	0	8	0	0	0	0	0	0	0	0	0	0	7	25	0	0	0	0	0	0	0
fsh-generated/resources/ValueSet-HIV.B.DE18.json	1205	3	0	0	0	0	0	0	0	6	0	0	0	0	0	0	0	0	0	0	9	25	0	0	0	0	0	0	0
fsh-generated/resources/ValueSet-HIV.B.DE191.json	954	3	0	0	0	0	0	0	0	5	0	0	0	0	0	0	0	0	0	0	6	23	0	0	0	0	1	0	0
fsh-generated/resources/ValueSet-HIV.B.DE201.json	987	3	0	0	0	0	0	0	0	4	0	0	0	0	0	0	0	0	0	0	6	24	0	0	0	0	0	0	0
fsh-generated/resources/ValueSet-HIV.B.DE204.json	965	4	0	0	0	0	0	0	0	5	0	0	0	0	0	0	0	0	0	0	6	23	0	0	0	0	0	0	0
fsh-generated/resources/ValueSet-HIV.B.DE207.json	2333	3	0	0	0	0	0	0	0	5	0	0	0	0	0	0	0	0	0	0	10	30	0	0	0	0	0	0	0
fsh-generated/resources/ValueSet-HIV.B.DE22.json	1503	3	0	0	0	0	0	0	0	5	0	0	0	0	0	0	0	0	0	0	7	26	0	0	0	0	1	0	0
fsh-generated/resources/ValueSet-HIV.B.DE226.json	1493	3	0	0	0	0	0	0	0	4	0	0	0	0	0	0	0	0	0	0	8	25	0	0	0	0	0	0	0
fsh-generated/resources/ValueSet-HIV.B.DE237.json	1767	3	0	0	0	0	0	0	1	5	0	0	0	0	0	0	0	0	0	0	8	28	0	0	0	0	0	0	0
fsh-generated/resources/ValueSet-HIV.B.DE250.json	1012	4	0	0	0	0	0	0	0	5	0	0	0	0	0	0	0	0	0	0	6	24	0	0	0	0	0	0	0
fsh-generated/resources/ValueSet-HIV.B.DE256.json	1016	3	0	0	0	0	0	0	0	4	0	0	0	0	0	0	0	0	0	0	6	25	0	0	0	0	0	0	0
fsh-generated/resources/ValueSet-HIV.B.DE261.json	1318	3	0	0	0	0	0	0	0	5	0	0	0	0	0	0	0	0	0	0	7	26	0	0	0	0	1	0	1
fsh-generated/resources/ValueSet-HIV.B.DE269.json	1232	3	0	0	0	0	0	0	0	6	0	0	0	0	0	0	0	0	0	0	6	25	0	0	0	0	0	0	0
fsh-generated/resources/ValueSet-HIV.B.DE276.json	1230	3	0	0	0	0	0	0	0	7	0	0	0	0	0	0	0	0	0	0	7	25	0	0	0	0	0	0	0
fsh-generated/resources/ValueSet-HIV.B.DE284.json	1321	4	0	0	0	0	0	0	0	8	0	0	0	0	0	0	0	0	0	0	6	26	0	0	0	0	0	0	0
fsh-generated/resources/ValueSet-HIV.B.DE293.json	1230	3	0	0	1	0	0	0	0	8	0	0	0	0	0	0	0	0	0	0	7	38	0	0	0	0	0	0	0
fsh-generated/resources/ValueSet-HIV.B.DE301.json	1056	3	0	0	0	0	0	0	0	7	0	0	0	0	0	0	0	0	0	0	6	31	0	0	0	0	1	0	0
fsh-generated/resources/ValueSet-HIV.B.DE306.json	1043	3	0	0	0	0	0	0	0	8	0	0	0	0	0	0	0	0	0	0	6	25	0	0	0	0	0	0	0
fsh-generated/resources/ValueSet-HIV.B.DE312.json	1002	4	0	0	0	0	0	0	0	8	0	0	0	0	0	0	0	0	0	0	5	25	0	0	0	0	0	0	0
fsh-generated/resources/ValueSet-HIV.B.DE317.json	1230	3	0	0	0	0	0	0	0	4	0	0	0	0	0	0	0	0	0	0	7	26	0	0	0	0	0	0	0
fsh-generated/resources/ValueSet-HIV.B.DE325.json	1028	3	0	0	0	0	0	0	0	5	0	0	0	0	0	0	0	0	0	0	5	28	0	0	0	0	0	0	0
fsh-generated/resources/ValueSet-HIV.B.DE33.json	1032	3	0	0	0	0	0	0	0	5	0	0	0	0	0	0	0	0	0	0	7	24	0	0	0	0	0	0	0
fsh-generated/resources/ValueSet-HIV.B.DE37.json	1357	3	0	0	0	0	0	0	0	7	0	0	0	0	0	0	0	0	0	0	7	26	0	0	0	0	1	0	0
fsh-generated/resources/ValueSet-HIV.B.DE44.json	1033	3	0	0	0	0	0	0	0	5	0	0	0	0	0	0	0	0	0	0	7	27	0	0	0	0	0	0	0
fsh-generated/resources/ValueSet-HIV.B.DE5.json	1100	4	0	0	0	0	0	0	0	4	0	0	0	0	0	0	0	0	0	0	6	24	0	0	0	0	0	0	0
fsh-generated/resources/ValueSet-HIV.B.DE50.json	1325	3	0	0	0	0	0	0	1	5	0	0	0	0	0	0	0	0	0	0	6	24	0	0	0	0	0	0	0
fsh-generated/resources/ValueSet-HIV.B.DE61.json	1060	3	0	0	0	0	0	0	0	4	0	0	0	0	0	0	0	0	0	0	6	31	0	0	0	0	0	0	0
fsh-generated/resources/ValueSet-HIV.B.DE66.json	810	3	0	0	0	0	0	0	0	4	0	0	0	0	0	0	0	0	0	0	5	49	0	0	0	0	1	0	0
fsh-generated/resources/ValueSet-HIV.B.DE68.json	895	3	0	0	0	0	0	0	0	4	0	0	0	0	0	0	0	0	0	0	5	24	0	0	0	0	0	0	0
fsh-generated/resources/ValueSet-HIV.B.DE74.json	1205	3	0	0	0	0	0	0	0	5	0	0	0	0	0	0	0	0	0	0	7	23	0	0	0	0	0	0	0
fsh-generated/resources/ValueSet-HIV.B.DE8.json	1227	4	0	0	1	0	0	0	0	4	0	0	0	0	0	0	0	0	0	0	6	23	0	0	0	0	0	0	0
fsh-generated/resources/ValueSet-HIV.B.DE81.json	1264	3	0	0	0	0	0	0	0	5	0	0	0	0	0	0	0	0	0	0	7	24	0	0	0	0	0	0	0
fsh-generated/resources/ValueSet-HIV.B.DE88.json	1246	3	0	0	0	0	0	0	0	5	0	0	0	0	0	0	0	0	0	0	7	24	0	0	0	0	1	0	0
fsh-generated/resources/ValueSet-HIV.B.DE94.json	1043	3	0	0	0	0	0	0	0	5	0	0	0	0	0	0	0	0	0	0	6	23	0	0	0	0	0	0	0
fsh-generated/resources/ValueSet-HIV.B.DE98.json	1046	3	0	0	0	0	0	0	0	4	0	0	0	0	0	0	0	0	0	0	6	22	0	0	0	0	0	0	0
fsh-generated/resources/ValueSet-HIV.C.DE1.json	1290	4	0	0	0	0	0	0	0	6	0	0	0	0	0	0	0	0	0	0	7	23	0	0	0	0	0	0	0
fsh-generated/resources/ValueSet-HIV.C.DE101.json	1099	3	0	0	0	0	0	0	0	7	0	0	0	0	0	0	0	0	0	0	6	23	0	0	0	0	0	0	0
fsh-generated/resources/ValueSet-HIV.C.DE107.json	1222	3	0	0	0	0	0	0	0	8	0	0	0	0	0	0	0	0	0	0	6	36	0	0	0	0	0	0	0
fsh-generated/resources/ValueSet-HIV.C.DE11.json	1088	3	0	0	0	0	0	0	0	6	0	0	0	0	0	0	0	0	0	0	6	24	0	0	0	0	1	0	0
fsh-generated/resources/ValueSet-HIV.C.DE112.json	1526	3	0	0	0	0	0	0	0	4	0	0	0	0	0	0	0	0	0	0	8	25	0	0	0	0	0	0	0
fsh-generated/resources/ValueSet-HIV.C.DE122.json	791	4	0	0	0	0	0	0	0	4	0	0	0	0	0	0	0	0	0	0	4	26	0	0	0	0	0	0	0
fsh-generated/resources/ValueSet-HIV.C.DE125.json	1070	3	1	0	0	0	0	0	0	5	0	0	0	0	0	0	0	0	0	0	7	47	0	0	0	0	0	0	0
fsh-generated/resources/ValueSet-HIV.C.DE131.json	1311	3	0	0	0	0	0	0	0	4	0	0	0	0	0	0	0	0	0	0	9	24	0	0	0	0	0	0	0
fsh-generated/resources/ValueSet-HIV.C.DE138.json	921	3	0	0	0	0	0	0	0	5	0	0	0	0	0	0	0	0	0	0	7	22	0	0	0	0	1	0	0
fsh-generated/resources/ValueSet-HIV.C.DE143.json	1310	4	0	0	0	0	0	0	1	4	0	0	0	0	0	0	0	0	0	0	9	23	0	0	0	0	0	0	0
fsh-generated/resources/ValueSet-HIV.C.DE149.json	1512	3	0	0	1	0	0	0	0	8	0	0	0	0	0	0	0	0	0	0	8	22	0	0	0	0	0	0	0
fsh-generated/resources/ValueSet-HIV.C.DE157.json	1679	3	0	0	0	0	0	0	0	4	0	0	0	0	0	0	0	0	0	0	9	27	0	0	0	0	0	0	0
fsh-generated/resources/ValueSet-HIV.C.DE164.json	1382	3	0	0	0	0	0	0	0	5	0	0	0	0	0	0	0	0	0	0	7	24	0	0	0	0	1	0	0
fsh-generated/resources/ValueSet-HIV.C.DE17.json	1330	3	0	0	0	0	0	0	0	4	0	0	0	0	0	0	0	0	0	0	8	33	0	0	0	0	0	0	0
fsh-generated/resources/ValueSet-HIV.C.DE24.json	1069	3	0	0	0	0	0	0	0	6	0	0	0	0	0	0	0	0	0	0	6	23	0	0	0	0	0	0	0
fsh-generated/resources/ValueSet-HIV.C.DE31.json	966	4	0	0	0	0	0	0	0	4	0	0	0	0	0	0	0	1	0	0	6	23	0	0	0	0	0	0	0
fsh-generated/resources/ValueSet-HIV.C.DE36.json	1308	3	0	0	0	0	0	0	0	5	0	0	0	0	0	0	0	0	0	0	7	26	0	0	0	0	0	0	0
fsh-generated/resources/ValueSet-HIV.C.DE41.json	1290	3	0	0	0	0	0	0	0	4	0	0	0	0	0	0	0	0	0	0	7	23	0	0	0	0	0	0	0
fsh-generated/resources/ValueSet-HIV.C.DE46.json	1500	3	0	0	0	0	0	0	0	5	0	0	0	0	0	0	0	0	0	0	8	21	0	0	0	0	1	0	0
fsh-generated/resources/ValueSet-HIV.C.DE55.json	1395	3	0	0	0	0	0	0	0	5	0	0	0	0	0	0	0	0	0	0	7	22	0	0	0	0	0	0	0
fsh-generated/resources/ValueSet-HIV.C.DE63.json	1570	4	0	0	0	0	0	0	0	4	0	0	0	0	0	0	0	0	0	0	8	22	0	0	0	0	0	0	0
fsh-generated/resources/ValueSet-HIV.C.DE75.json	1042	3	0	0	0	0	0	0	0	5	0	0	0	0	0	0	0	0	0	0	6	21	0	0	0	0	0	0	0
fsh-generated/resources/ValueSet-HIV.C.DE80.json	1133	3	0	0	0	0	0	0	0	4	0	0	0	0	0	0	0	0	0	0	6	21	0	0	0	0	1	0	0
fsh-generated/resources/ValueSet-HIV.C.DE91.json	1024	3	0	0	0	0	0	0	0	4	0	0	0	0	0	0	0	0	0	0	7	20	0	0	0	0	0	0	0
fsh-generated/resources/ValueSet-HIV.C.DE95.json	1028	3	0	0	0	0	0	0	0	5	0	0	0	0	0	0	0	0	0	0	6	21	0	0	0	0	0	0	0
fsh-generated/resources/ValueSet-HIV.C.DE99.json	819	4	0	0	0	0	0	0	0	4	0	0	0	0	0	0	0	0	0	0	5	21	0	0	0	0	0	0	0
fsh-generated/resources/ValueSet-HIV.Config.DE12.json	1176	3	0	0	0	0	0	0	0	4	0	0	0	0	0	0	0	0	0	0	7	22	0	0	0	0	0	0	0
fsh-generated/resources/ValueSet-HIV.Config.DE19.json	867	3	0	0	1	0	0	0	0	4	0	0	0	0	0	0	0	0	0	0	4	20	0	0	0	0	0	0	0
fsh-generated/resources/ValueSet-HIV.D.DE1.json	1449	3	0	0	0	0	0	0	1	5	0	0	0	0	0	0	0	0	0	0	8	21	0	0	0	0	1	0	0
fsh-generated/resources/ValueSet-HIV.D.DE1002.json	1340	3	0	0	0	0	0	0	0	5	0	0	0	0	0	0	0	0	0	0	8	23	0	0	0	0	0	0	0
fsh-generated/resources/ValueSet-HIV.D.DE1010.json	1344	3	0	0	0	0	0	0	0	7	0	0	0	0	0	0	0	0	0	0	7	24	0	0	0	0	0	0	0
fsh-generated/resources/ValueSet-HIV.D.DE1019.json	1048	4	0	0	0	0	0	0	0	5	0	0	0	0	0	0	0	0	0	0	6	21	0	0	0	0	0	0	0
fsh-generated/resources/ValueSet-HIV.D.DE1028.json	1264	3	0	0	0	0	0	0	0	6	0	0	0	0	0	0	0	0	0	0	7	21	0	0	0	0	1	0	0
fsh-generated/resources/ValueSet-HIV.D.DE1034.json	1274	3	0	0	0	0	0	0	0	5	0	0	0	0	0	0	0	0	0	0	7	21	0	0	0	0	0	0	0
fsh-generated/resources/ValueSet-HIV.D.DE128.json	2271	3	0	0	0	0	0	0	0	5	0	0	0	0	0	0	0	0	0	0	10	25	0	0	0	0	0	0	0
fsh-generated/resources/ValueSet-HIV.D.DE146.json	1187	3	0	0	0	0	0	0	0	5	0	0	0	0	0	0	0	0	0	0	7	21	0	0	0	0	0	0	0
fsh-generated/resources/ValueSet-HIV.D.DE152.json	1173	4	0	0	0	0	0	0	0	5	0	0	0	0	0	0	0	0	0	0	7	21	0	0	0	0	0	0	0
fsh-generated/resources/ValueSet-HIV.D.DE156.json	1254	3	0	0	0	0	0	0	0	4	0	0	0	0	0	0	0	0	0	0	6	21	0	0	0	0	1	0	0
fsh-generated/resources/ValueSet-HIV.D.DE162.json	1022	3	0	0	0	0	0	0	0	4	0	0	0	0	0	0	0	0	0	0	6	20	0	0	0	0	0	0	0
fsh-generated/resources/ValueSet-HIV.D.DE168.json	815	3	0	0	0	0	0	0	0	4	0	0	0	0	0	0	0	0	0	0	4	18	0	0	0	0	0	0	0
fsh-generated/resources/ValueSet-HIV.D.DE17.json	2009	3	0	0	0	0	0	0	0	5	0	0	0	0	0	0	0	0	0	0	9	23	0	0	0	0	0	0	0
fsh-generated/resources/ValueSet-HIV.D.DE170.json	1056	4	0	0	0	0	0	0	0	4	0	0	0	0	0	0	0	0	0	0	6	20	0	0	0	0	0	0	0
fsh-generated/resources/ValueSet-HIV.D.DE177.json	815	3	0	0	1	0	0	0	0	4	0	0	0	0	0	0	0	0	0	0	5	18	0	0	0	0	0	0	0
fsh-generated/resources/ValueSet-HIV.D.DE179.json	947	3	0	0	0	0	0	0	0	4	0	0	0	0	0	0	0	0	0	0	5	20	0	0	0	0	1	0	0
fsh-generated/resources/ValueSet-HIV.D.DE182.json	941	3	0	0	0	0	0	0	1	5	0	0	0	0	0	0	0	0	0	0	6	24	0	0	0	0	0	0	0
fsh-generated/resources/ValueSet-HIV.D.DE186.json	1432	3	0	0	0	0	0	0	0	4	0	0	0	0	0	0	0	0	0	0	7	17	0	0	0	0	0	0	0
fsh-generated/resources/ValueSet-HIV.D.DE197.json	2553	3	0	0	0	0	0	0	0	5	0	0	0	0	0	0	0	0	0	0	11	18	0	0	0	0	0	0	0
fsh-generated/resources/ValueSet-HIV.D.DE217.json	1406	4	0	0	0	0	0	0	0	6	0	0	0	0	0	0	0	0	0	0	8	16	0	0	0	0	1	0	0
fsh-generated/resources/ValueSet-HIV.D.DE225.json	1033	3	0	0	0	0	0	0	0	5	0	0	0	0	0	0	0	0	0	0	6	14	0	0	0	0	0	0	0
fsh-generated/resources/ValueSet-HIV.D.DE229.json	2872	3	0	0	0	0	0	0	0	6	0	0	0	0	0	0	0	0	0	0	13	19	0	0	0	0	0	0	1
fsh-generated/resources/ValueSet-HIV.D.DE247.json	2141	3	0	0	0	0	0	0	0	5	0	0	0	0	0	0	0	0	0	0	11	20	0	0	0	0	0	0	0
fsh-generated/resources/ValueSet-HIV.D.DE259.json	3721	4	0	0	0	0	0	0	0	10	0	0	0	0	0	0	0	0	0	0	17	21	0	0	0	0	1	0	0
fsh-generated/resources/ValueSet-HIV.D.DE289.json	9510	3	0	0	0	0	0	0	1	15	0	0	0	0	0	0	0	0	0	0	39	33	0	0	0	0	1	0	0
fsh-generated/resources/ValueSet-HIV.D.DE358.json	1207	3	0	0	0	0	0	0	0	7	0	0	0	0	0	0	0	0	0	0	7	14	0	0	0	0	0	0	0
fsh-generated/resources/ValueSet-HIV.D.DE370.json	1980	3	0	0	0	0	0	0	0	6	0	0	0	0	0	0	0	0	0	0	10	17	0	0	0	0	0	0	0
fsh-generated/resources/ValueSet-HIV.D.DE383.json	1098	4	0	0	0	0	0	0	0	4	0	0	0	0	0	0	0	0	0	0	6	15	0	0	0	0	1	0	0
fsh-generated/resources/ValueSet-HIV.D.DE391.json	1341	3	0	0	0	0	0	0	0	6	0	0	0	0	0	0	0	0	0	0	8	15	0	0	0	0	0	0	0
fsh-generated/resources/ValueSet-HIV.D.DE399.json	2199	3	0	0	1	0	0	0	0	6	0	0	0	0	0	0	0	0	0	0	10	18	0	0	0	0	0	0	0
fsh-generated/resources/ValueSet-HIV.D.DE418.json	1527	3	0	0	0	0	0	0	0	5	0	0	0	0	0	0	0	0	0	0	7	15	0	0	0	0	0	0	0
fsh-generated/resources/ValueSet-HIV.D.DE43.json	950	4	0	0	0	0	0	0	0	4	0	0	0	0	0	0	0	0	0	0	10	14	0	0	0	0	1	0	0
fsh-generated/resources/ValueSet-HIV.D.DE430.json	1184	3	0	0	0	0	0	0	0	4	0	0	0	0	0	0	0	0	0	0	6	15	0	0	0	0	0	0	0
fsh-generated/resources/ValueSet-HIV.D.DE444.json	775	3	0	0	0	0	0	0	0	4	0	0	0	0	0	0	0	0	0	0	4	11	0	0	0	0	0	0	0
fsh-generated/resources/ValueSet-HIV.D.DE446.json	971	3	0	0	0	0	0	0	0	4	0	0	0	0	0	0	0	0	0	0	6	16	0	0	0	0	0	0	0
fsh-generated/resources/ValueSet-HIV.D.DE449.json	1232	3	0	0	0	0	0	0	0	5	0	0	0	0	0	0	0	0	0	0	6	15	0	0	0	0	0	0	0
fsh-generated/resources/ValueSet-HIV.D.DE457.json	1128	3	0	0	0	0	0	0	0	4	0	0	0	0	0	0	0	0	0	0	7	16	0	0	0	0	1	0	0
fsh-generated/resources/ValueSet-HIV.D.DE461.json	1097	4	0	0	0	0	0	0	0	16	0	0	0	0	0	0	0	0	0	0	6	16	0	0	0	0	1	0	0
fsh-generated/resources/ValueSet-HIV.D.DE466.json	2444	3	0	0	0	0	0	0	0	7	0	0	0	0	0	0	0	0	0	0	11	18	0	0	0	0	0	0	0
fsh-generated/resources/ValueSet-HIV.D.DE482.json	935	3	0	0	0	0	0	0	0	4	0	0	0	0	0	0	0	1	0	0	4	15	0	0	0	0	0	0	0
fsh-generated/resources/ValueSet-HIV.D.DE483.json	950	3	0	0	0	0	0	0	0	4	0	0	0	0	0	0	0	0	0	0	5	17	0	0	0	0	0	0	0
fsh-generated/resources/ValueSet-HIV.D.DE485.json	827	3	0	0	0	0	0	0	0	3	0	0	0	0	0	0	0	0	0	0	4	19	0	0	0	0	0	0	0
fsh-generated/resources/ValueSet-HIV.D.DE486.json	934	3	0	0	0	0	0	0	1	4	0	0	0	0	0	0	0	0	0	0	5	16	0	0	0	0	1	0	0
fsh-generated/resources/ValueSet-HIV.D.DE488.json	905	4	0	0	1	0	0	0	0	4	0	0	0	0	0	0	0	0	0	0	4	14	0	0	0	0	0	0	0
fsh-generated/resources/ValueSet-HIV.D.DE489.json	925	3	0	0	0	0	0	0	0	4	0	0	0	0	0	0	0	0	0	0	5	13	0	0	0	0	0	0	0
fsh-generated/resources/ValueSet-HIV.D.DE491.json	824	3	0	0	0	0	0	0	0	6	0	0	0	0	0	0	0	0	0	0	4	12	0	0	0	0	0	0	0
fsh-generated/resources/ValueSet-HIV.D.DE492.json	943	3	0	0	0	0	0	0	0	6	0	0	0	0	0	0	0	0	0	0	5	12	0	0	0	0	0	0	0
fsh-generated/resources/ValueSet-HIV.D.DE494.json	902	3	0	0	0	0	0	0	0	4	0	0	0	0	0	0	0	0	0	0	5	12	0	0	0	0	0	0	0
fsh-generated/resources/ValueSet-HIV.D.DE495.json	921	3	0	0	0	0	0	0	0	4	0	0	0	0	0	0	0	0	0	0	4	19	0	0	0	0	0	0	0
fsh-generated/resources/ValueSet-HIV.D.DE514.json	646	4	0	0	0	0	0	0	0	4	0	0	0	0	0	0	0	0	0	0	5	16	0	0	0	0	1	0	0
fsh-generated/resources/ValueSet-HIV.D.DE519.json	1253	3	0	0	0	0	0	0	0	5	0	0	0	0	0	0	0	0	0	0	7	22	0	0	0	0	0	0	0
fsh-generated/resources/ValueSet-HIV.D.DE52.json	784	3	0	0	0	0	0	0	0	3	0	0	0	0	0	0	0	0	0	0	4	14	0	0	0	0	0	0	0
fsh-generated/resources/ValueSet-HIV.D.DE525.json	1303	3	0	0	0	0	0	0	0	5	0	0	0	0	0	0	0	0	0	0	7	16	0	0	0	0	0	0	0
fsh-generated/resources/ValueSet-HIV.D.DE532.json	1000	3	0	0	0	0	0	0	0	4	0	0	0	0	0	0	0	0	0	0	6	14	0	0	0	0	0	0	0
fsh-generated/resources/ValueSet-HIV.D.DE537.json	2933	4	0	0	0	0	0	0	0	6	0	0	0	0	0	0	0	0	0	0	13	19	0	0	0	0	1	0	0
fsh-generated/resources/ValueSet-HIV.D.DE55.json	808	3	0	0	0	0	0	0	0	3	0	0	0	0	0	0	0	0	0	0	4	12	0	0	0	0	0	0	0
fsh-generated/resources/ValueSet-HIV.D.DE56.json	1413	3	0	0	0	0	0	0	0	5	0	0	0	0	0	0	0	0	0	0	7	15	0	0	0	0	0	0	0
fsh-generated/resources/ValueSet-HIV.D.DE560.json	1489	3	0	0	0	0	0	0	0	4	0	0	0	0	0	0	0	0	0	0	8	14	0	0	0	0	0	0	0
fsh-generated/resources/ValueSet-HIV.D.DE569.json	3363	3	0	0	0	0	0	0	0	6	0	0	0	0	1	0	0	0	0	0	15	19	0	0	0	0	1	0	0
fsh-generated/resources/ValueSet-HIV.D.DE593.json	1522	3	0	0	0	0	0	0	0	5	0	0	0	0	0	0	0	0	0	0	8	16	0	0	0	0	0	0	0
fsh-generated/resources/ValueSet-HIV.D.DE603.json	798	4	0	0	1	0	0	0	1	4	0	0	0	0	0	0	0	0	0	0	5	11	0	0	0	0	0	0	0
fsh-generated/resources/ValueSet-HIV.D.DE604.json	769	3	0	0	0	0	0	0	0	4	0	0	0	0	0	0	0	0	0	0	4	11	0	0	0	0	0	0	0
fsh-generated/resources/ValueSet-HIV.D.DE606.json	1074	3	0	0	0	0	0	0	0	4	0	0	0	0	0	0	0	0	0	0	6	13	0	0	0	0	0	0	0
fsh-generated/resources/ValueSet-HIV.D.DE610.json	3252	3	0	0	0	0	0	0	0	6	0	0	0	0	0	0	0	0	0	0	15	19	0	0	0	0	1	0	0
fsh-generated/resources/ValueSet-HIV.D.DE63.json	876	4	0	0	0	0	0	0	0	4	0	0	0	0	0	0	0	0	0	0	4	13	0	0	0	0	0	0	0
fsh-generated/resources/ValueSet-HIV.D.DE636.json	1276	3	0	0	0	0	0	0	0	4	0	0	0	0	0	0	0	0	0	0	8	16	0	0	0	0	0	0	0
fsh-generated/resources/ValueSet-HIV.D.DE64.json	825	3	0	0	0	0	0	0	0	4	0	0	0	0	0	0	0	0	0	0	5	11	0	0	0	0	0	0	0
fsh-generated/resources/ValueSet-HIV.D.DE646.json	1162	3	0	0	0	0	0	0	0	5	0	0	0	0	0	0	0	0	0	0	6	13	0	0	0	0	0	0	0
fsh-generated/resources/ValueSet-HIV.D.DE65.json	1526	3	0	0	0	0	0	0	0	4	0	0	0	0	0	0	0	0	0	0	8	17	0	0	0	0	1	0	0
fsh-generated/resources/ValueSet-HIV.D.DE658.json	1164	3	0	0	0	0	0	0	0	5	0	0	0	0	0	0	0	0	0	0	6	17	0	0	0	0	0	0	0
fsh-generated/resources/ValueSet-HIV.D.DE664.json	1052	4	0	0	0	0	0	0	0	4	0	0	0	0	0	0	0	0	0	0	6	15	0	0	0	0	0	0	0
fsh-generated/resources/ValueSet-HIV.D.DE668.json	1134	3	0	0	0	0	0	0	0	7	0	0	0	0	0	0	0	0	0	0	6	16	0	0	0	0	0	0	0
fsh-generated/resources/ValueSet-HIV.D.DE673.json	1315	3	0	0	0	0	0	0	0	8	0	0	0	0	0	0	0	0	0	0	7	20	0	0	0	0	0	0	0
fsh-generated/resources/ValueSet-HIV.D.DE681.json	1225	3	0	0	0	0	0	0	0	8	0	0	0	0	0	0	0	0	0	0	7	20	0	0	0	0	1	0	0
fsh-generated/resources/ValueSet-HIV.D.DE688.json	919	3	0	0	0	0	0	0	0	5	0	0	0	0	0	0	0	0	0	0	5	15	0	0	0	0	0	0	0
fsh-generated/resources/ValueSet-HIV.D.DE691.json	1307	3	0	0	0	0	0	0	0	5	0	0	0	0	0	0	0	0	0	0	7	13	0	0	0	0	0	0	0
fsh-generated/resources/ValueSet-HIV.D.DE697.json	1203	4	0	0	0	0	0	0	0	4	0	0	0	0	0	0	0	0	0	0	6	14	0	0	0	0	0	0	0
fsh-generated/resources/ValueSet-HIV.D.DE706.json	1010	3	0	0	0	0	0	0	1	4	0	0	0	0	0	0	0	0	0	0	6	12	0	0	0	0	0	0	0
fsh-generated/resources/ValueSet-HIV.D.DE709.json	961	3	0	0	0	0	0	0	0	5	0	0	0	0	0	0	0	0	0	0	5	12	0	0	0	0	0	0	0
fsh-generated/resources/ValueSet-HIV.D.DE712.json	1237	3	0	0	0	0	0	0	0	4	0	0	0	0	0	0	0	0	0	0	7	13	0	0	0	0	1	0	0
fsh-generated/resources/ValueSet-HIV.D.DE719.json	1453	3	0	0	1	0	0	0	0	5	0	0	0	0	0	0	0	0	0	0	7	15	0	0	0	0	0	0	0
fsh-generated/resources/ValueSet-HIV.D.DE731.json	1567	3	0	0	0	0	0	0	0	4	0	0	0	0	0	0	0	0	0	0	8	23	0	0	0	0	0	0	0
fsh-generated/resources/ValueSet-HIV.D.DE74.json	830	3	0	0	0	0	0	0	0	4	0	0	0	0	0	0	0	0	0	0	5	17	0	0	0	0	0	0	0
fsh-generated/resources/ValueSet-HIV.D.DE746.json	1512	4	0	0	0	0	0	0	0	5	0	0	0	0	0	0	0	0	0	0	7	20	0	0	0	0	0	0	0
fsh-generated/resources/ValueSet-HIV.D.DE75.json	856	3	0	0	0	0	0	0	0	4	0	0	0	0	0	0	0	0	0	0	6	14	0	0	0	0	1	0	0
fsh-generated/resources/ValueSet-HIV.D.DE753.json	1673	3	0	0	0	0	0	0	0	5	0	0	0	0	0	0	0	0	0	0	8	14	0	0	0	0	0	0	0
fsh-generated/resources/ValueSet-HIV.D.DE764.json	1441	3	0	0	0	0	0	0	0	4	0	0	0	0	0	0	0	0	0	0	7	14	0	0	0	0	0	0	0
fsh-generated/resources/ValueSet-HIV.D.DE77.json	856	3	0	0	0	0	0	0	0	4	0	0	0	0	0	0	0	0	0	0	5	11	0	0	0	0	0	0	1
fsh-generated/resources/ValueSet-HIV.D.DE778.json	1493	4	0	0	0	0	0	0	0	5	0	0	0	0	0	0	0	0	0	0	8	20	0	0	0	0	0	0	0
fsh-generated/resources/ValueSet-HIV.D.DE78.json	862	3	0	0	0	0	0	0	0	3	0	0	0	0	0	0	0	0	0	0	4	11	0	0	0	0	1	0	0
fsh-generated/resources/ValueSet-HIV.D.DE789.json	1767	3	0	0	0	0	0	0	0	6	0	0	0	0	0	0	0	0	0	0	9	16	0	0	0	0	0	0	0
fsh-generated/resources/ValueSet-HIV.D.DE79.json	934	3	0	0	0	0	0	0	0	3	0	0	0	0	0	0	0	0	0	0	4	11	0	0	0	0	0	0	0
fsh-generated/resources/ValueSet-HIV.D.DE80.json	849	3	0	0	0	0	0	0	0	4	0	0	0	0	0	0	0	0	0	0	5	11	0	0	0	0	0	0	0
fsh-generated/resources/ValueSet-HIV.D.DE802.json	1012	4	0	0	0	0	0	0	1	5	0	0	0	0	0	0	0	0	0	0	5	14	0	0	0	0	0	0	0
fsh-generated/resources/ValueSet-HIV.D.DE808.json	1016	3	0	0	0	0	0	0	0	4	0	0	0	0	0	0	0	0	0	0	6	13	0	0	0	0	1	0	0
fsh-generated/resources/ValueSet-HIV.D.DE81.json	874	3	0	0	0	0	0	0	0	4	0	0	0	0	0	0	0	0	0	0	4	11	0	0	0	0	0	0	0
fsh-generated/resources/ValueSet-HIV.D.DE813.json	1318	3	0	0	0	0	0	0	0	5	0	0	0	0	0	0	0	1	0	0	7	20	0	0	0	0	0	0	0
fsh-generated/resources/ValueSet-HIV.D.DE82.json	901	3	0	0	1	0	0	0	0	4	0	0	0	0	0	0	0	0	0	0	5	14	0	0	0	0	0	0	0
fsh-generated/resources/ValueSet-HIV.D.DE821.json	1232	3	0	0	0	0	0	0	0	5	0	0	0	0	0	0	0	0	0	0	7	12	0	0	0	0	0	0	0
fsh-generated/resources/ValueSet-HIV.D.DE828.json	1230	4	0	0	0	0	0	0	0	5	0	0	0	0	0	0	0	0	0	0	6	13	0	0	0	0	0	0	0
fsh-generated/resources/ValueSet-HIV.D.DE83.json	1543	3	0	0	0	0	0	0	0	5	0	0	0	0	0	0	0	0	0	0	8	12	0	0	0	0	1	0	0
fsh-generated/resources/ValueSet-HIV.D.DE836.json	1321	3	0	0	0	0	0	0	0	5	0	0	0	0	0	0	0	0	0	0	7	13	0	0	0	0	0	0	0
fsh-generated/resources/ValueSet-HIV.D.DE845.json	1230	3	0	0	0	0	0	0	1	4	0	0	0	0	0	0	0	0	0	0	6	13	0	0	0	0	0	0	0
fsh-generated/resources/ValueSet-HIV.D.DE853.json	1056	3	0	0	0	0	0	0	0	5	0	0	0	0	0	0	0	0	0	0	6	12	0	0	1	0	0	0	0
fsh-generated/resources/ValueSet-HIV.D.DE858.json	1043	3	0	0	0	0	0	0	0	4	0	0	0	0	0	0	0	0	0	0	6	12	0	0	0	0	0	0	0
fsh-generated/resources/ValueSet-HIV.D.DE864.json	1002	4	0	0	0	0	0	0	0	4	0	0	0	0	0	0	0	0	0	0	6	17	0	0	0	0	0	0	0
fsh-generated/resources/ValueSet-HIV.D.DE869.json	1230	3	0	0	0	0	0	0	0	5	0	0	0	0	0	0	0	0	0	0	6	19	0	0	0	0	1	0	0
fsh-generated/resources/ValueSet-HIV.D.DE877.json	1028	3	0	0	0	0	0	0	0	4	0	0	0	0	0	0	0	0	0	0	6	13	0	0	0	0	0	0	0
fsh-generated/resources/ValueSet-HIV.D.DE893.json	971	3	0	0	0	0	0	0	0	7	0	0	0	0	0	0	0	0	0	0	6	12	0	0	0	0	0	0	0
fsh-generated/resources/ValueSet-HIV.D.DE897.json	1185	3	0	0	0	0	0	0	0	4	0	0	0	0	0	0	0	0	0	0	6	13	0	0	0	0	0	0	0
fsh-generated/resources/ValueSet-HIV.D.DE90.json	4378	4	0	0	0	0	0	0	1	6	0	0	0	0	0	0	0	0	0	0	20	20	0	0	0	0	1	0	0
fsh-generated/resources/ValueSet-HIV.D.DE903.json	3609	3	0	0	0	0	0	0	0	7	0	0	0	0	0	0	0	0	0	0	15	21	0	0	0	0	0	0	0
fsh-generated/resources/ValueSet-HIV.D.DE934.json	1128	3	0	0	0	0	0	0	0	4	0	0	0	0	0	0	0	0	0	0	7	14	0	0	0	0	0	0	0
fsh-generated/resources/ValueSet-HIV.D.DE939.json	965	3	0	0	1	0	0	0	0	4	0	0	0	0	0	0	0	0	0	0	5	12	0	0	0	0	1	0	0
fsh-generated/resources/ValueSet-HIV.D.DE942.json	957	3	0	0	0	0	0	0	0	4	0	0	0	0	0	0	0	0	0	0	6	14	0	0	0	0	0	0	0
fsh-generated/resources/ValueSet-HIV.D.DE947.json	1109	4	0	0	0	0	0	0	0	8	0	0	0	0	0	0	0	0	0	0	7	14	0	0	0	0	0	0	0
fsh-generated/resources/ValueSet-HIV.D.DE956.json	2486	3	0	0	0	0	0	0	1	7	0	0	0	0	0	0	0	0	0	0	12	17	0	0	0	0	1	0	0
fsh-generated/resources/ValueSet-HIV.D.DE973.json	1899	3	0	0	0	0	0	0	0	5	0	0	0	0	0	0	0	0	0	0	9	17	0	0	0	0	0	0	0
fsh-generated/resources/ValueSet-HIV.D.DE986.json	1066	3	0	0	0	0	0	0	0	5	0	0	0	0	0	0	0	0	0	0	6	15	0	0	0	0	1	0	0
fsh-generated/resources/ValueSet-HIV.D.DE992.json	1200	3	0	0	0	0	0	0	0	4	0	0	0	0	0	0	0	0	0	0	6	15	0	0	0	0	0	0	0
fsh-generated/resources/ValueSet-HIV.E.DE104.json	1061	4	0	0	0	0	0	0	0	4	0	0	0	0	0	0	0	0	0	0	6	16	0	0	0	0	0	0	0
fsh-generated/resources/ValueSet-HIV.E.DE108.json	1094	3	0	0	0	0	0	0	0	5	0	0	0	0	0	0	0	0	0	0	6	20	0	0	0	0	0	0	0
fsh-generated/resources/ValueSet-HIV.E.DE114.json	1230	3	0	0	0	0	0	0	0	5	0	0	0	0	0	0	0	0	0	0	6	19	0	0	0	0	1	0	0
fsh-generated/resources/ValueSet-HIV.E.DE127.json	1042	3	0	0	0	0	0	0	0	4	0	0	0	0	0	0	0	0	0	0	7	14	0	0	0	0	0	0	0
fsh-generated/resources/ValueSet-HIV.E.DE136.json	970	3	0	0	0	0	0	0	0	5	0	0	0	0	0	0	0	0	0	0	5	16	0	0	0	0	0	0	0
fsh-generated/resources/ValueSet-HIV.E.DE141.json	1026	4	0	0	1	0	0	0	1	4	0	0	0	0	0	0	0	0	0	0	6	47	0	0	0	0	0	0	0
fsh-generated/resources/ValueSet-HIV.E.DE145.json	1064	3	0	0	0	0	0	0	0	4	0	0	0	0	0	0	0	0	0	0	6	14	0	0	0	0	1	0	0
fsh-generated/resources/ValueSet-HIV.E.DE149.json	1030	3	0	0	0	0	0	0	0	5	0	0	0	0	0	0	0	0	0	0	6	13	0	0	0	0	0	0	0
fsh-generated/resources/ValueSet-HIV.E.DE155.json	1315	3	0	0	0	0	0	0	0	4	0	0	0	0	0	0	0	0	0	0	7	13	0	0	0	0	0	0	0
fsh-generated/resources/ValueSet-HIV.E.DE168.json	1173	3	0	0	0	0	0	0	0	5	0	0	0	0	0	0	0	0	0	0	6	13	0	0	0	0	0	0	0
fsh-generated/resources/ValueSet-HIV.E.DE17.json	2594	3	0	0	0	0	0	0	0	5	0	0	0	0	0	0	0	0	0	0	15	20	0	0	0	0	1	0	0
fsh-generated/resources/ValueSet-HIV.E.DE173.json	1121	4	0	0	0	0	0	0	0	5	0	0	0	0	0	0	0	0	0	0	6	13	0	0	0	0	0	0	0
fsh-generated/resources/ValueSet-HIV.E.DE180.json	936	3	0	0	0	0	0	0	0	4	0	0	0	0	0	0	0	0	0	0	6	13	0	0	0	0	0	0	0
fsh-generated/resources/ValueSet-HIV.E.DE183.json	968	3	0	0	0	0	0	0	0	4	0	0	0	0	0	0	0	0	0	0	5	12	0	0	0	0	0	0	0
fsh-generated/resources/ValueSet-HIV.E.DE186.json	1045	3	0	0	0	0	0	0	1	5	0	0	0	0	0	0	0	0	0	0	6	13	0	0	0	0	0	0	0
fsh-generated/resources/ValueSet-HIV.E.DE190.json	1045	3	0	0	0	0	0	0	0	4	0	0	0	0	0	0	0	0	0	0	6	13	0	0	0	0	0	0	0
fsh-generated/resources/ValueSet-HIV.E.DE194.json	1359	3	0	0	0	0	0	0	0	4	0	0	0	0	0	0	0	0	0	0	7	16	0	0	0	0	1	0	0
fsh-generated/resources/ValueSet-HIV.E.DE200.json	1049	4	0	0	0	0	0	0	0	5	0	0	0	0	0	0	0	0	0	0	6	16	0	0	0	0	0	0	0
fsh-generated/resources/ValueSet-HIV.E.DE204.json	1050	3	0	0	0	0	0	0	0	4	0	0	0	0	0	0	0	0	0	0	6	13	0	0	0	0	0	0	0
fsh-generated/resources/ValueSet-HIV.E.DE208.json	1049	3	0	0	0	0	0	0	0	5	0	0	0	0	0	0	0	0	0	0	6	14	0	0	0	0	0	0	0
fsh-generated/resources/ValueSet-HIV.E.DE212.json	1067	3	0	0	0	0	0	0	0	4	0	0	0	0	0	0	0	0	0	0	7	13	0	0	0	0	0	0	0
fsh-generated/resources/ValueSet-HIV.E.DE216.json	1059	3	0	0	1	0	0	0	0	4	0	0	0	0	0	0	0	0	0	0	6	13	0	0	0	0	1	0	0
fsh-generated/resources/ValueSet-HIV.E.DE220.json	1077	4	0	0	0	0	0	0	0	5	0	0	0	0	0	0	0	0	0	0	6	13	0	0	0	0	0	0	0
fsh-generated/resources/ValueSet-HIV.E.DE225.json	1106	3	0	0	0	0	0	0	0	4	0	0	0	0	0	0	0	0	0	0	6	13	0	0	0	0	0	0	0
fsh-generated/resources/ValueSet-HIV.E.DE230.json	1157	3	0	0	0	0	0	0	1	4	0	0	0	0	0	0	0	0	0	0	6	13	0	0	0	0	0	0	0
fsh-generated/resources/ValueSet-HIV.E.DE234.json	1277	3	0	0	0	0	0	0	0	5	0	0	0	0	0	0	0	0	0	0	7	14	0	0	0	0	0	0	0
fsh-generated/resources/ValueSet-HIV.E.DE240.json	859	3	0	0	0	0	0	0	0	4	0	0	0	0	0	0	0	0	0	0	5	11	0	0	0	0	0	0	0
fsh-generated/resources/ValueSet-HIV.E.DE246.json	1451	3	0	0	0	0	0	0	0	4	0	0	0	0	0	0	0	0	0	0	7	14	0	0	0	0	1	0	0
fsh-generated/resources/ValueSet-HIV.E.DE255.json	1129	4	0	0	0	0	0	0	0	5	0	0	0	0	0	0	0	0	0	0	7	12	0	0	0	0	0	0	0
fsh-generated/resources/ValueSet-HIV.E.DE259.json	1113	3	0	0	0	0	0	0	0	4	0	0	0	0	0	0	0	0	0	0	7	13	0	0	0	0	0	0	0
fsh-generated/resources/ValueSet-HIV.E.DE264.json	1714	3	0	0	0	0	0	0	0	5	0	0	0	0	0	0	0	0	0	0	9	14	0	0	0	0	0	0	0
fsh-generated/resources/ValueSet-HIV.E.DE41.json	1144	3	0	0	0	0	0	0	0	4	0	0	0	0	0	0	0	1	0	0	6	13	0	0	0	0	0	0	0
fsh-generated/resources/ValueSet-HIV.E.DE47.json	1127	3	0	0	0	0	0	0	0	5	0	0	0	0	0	0	0	0	0	0	6	11	0	0	0	0	1	0	0
fsh-generated/resources/ValueSet-HIV.E.DE52.json	1080	4	0	0	0	0	0	0	1	4	0	0	0	0	0	0	0	0	0	0	6	12	0	0	0	0	0	0	0
fsh-generated/resources/ValueSet-HIV.E.DE6.json	1175	3	0	0	0	0	0	0	0	4	0	0	0	0	0	0	0	0	0	0	7	12	0	0	0	0	0	0	0
fsh-generated/resources/ValueSet-HIV.E.DE62.json	1112	3	0	0	0	0	0	0	0	5	0	0	0	0	0	0	0	0	0	0	6	11	0	0	0	0	0	0	0
fsh-generated/resources/ValueSet-HIV.E.DE67.json	1017	3	0	0	0	0	0	0	0	4	0	0	0	0	0	0	0	0	0	0	6	12	0	0	0	0	0	0	1
fsh-generated/resources/ValueSet-HIV.E.DE75.json	829	3	0	0	0	0	0	0	0	4	0	0	0	0	0	0	0	0	0	0	5	11	0	0	0	0	1	0	0
fsh-generated/resources/ValueSet-HIV.E.DE91.json	984	3	0	0	1	0	0	0	0	4	0	0	0	0	0	0	0	0	0	0	5	12	0	0	0	0	0	0	0
fsh-generated/resources/ValueSet-HIV.G.DE13.json	1128	4	0	0	0	0	0	0	0	5	0	0	0	0	0	0	0	0	0	0	7	13	0	0	0	0	0	0	0
fsh-generated/resources/ValueSet-HIV.G.DE18.json	1016	3	0	0	0	0	0	0	0	4	0	0	0	0	0	0	0	0	0	0	5	12	0	0	0	0	0	0	0
fsh-generated/resources/ValueSet-HIV.G.DE22.json	1339	3	0	0	0	0	0	0	0	4	0	0	0	0	0	0	0	0	0	0	7	14	0	0	0	0	0	0	0
fsh-generated/resources/ValueSet-HIV.G.DE29.json	939	3	0	0	0	0	0	0	0	5	0	0	0	0	0	0	0	0	0	0	6	12	0	0	0	0	0	0	0
fsh-generated/resources/ValueSet-HIV.G.DE35.json	1334	3	0	0	0	0	0	0	0	4	0	0	0	0	0	0	0	0	0	0	6	14	0	0	0	0	1	0	0
fsh-generated/resources/ValueSet-HIV.G.DE43.json	1050	3	0	0	0	0	0	0	1	4	0	0	0	0	0	0	0	0	0	0	6	12	0	0	0	0	0	0	0
fsh-generated/resources/ValueSet-HIV.G.DE48.json	942	3	0	0	0	0	0	0	0	5	0	0	0	0	0	0	0	0	0	0	5	12	0	0	0	0	0	0	0
fsh-generated/resources/ValueSet-HIV.G.DE51.json	939	4	0	0	0	0	0	0	0	4	0	0	0	0	0	0	0	0	0	0	6	12	0	0	0	0	0	0	0
fsh-generated/resources/ValueSet-HIV.G.DE55.json	1224	3	0	0	0	0	0	0	0	4	0	0	0	0	0	0	0	0	0	0	6	13	0	0	0	0	0	0	0
fsh-generated/resources/ValueSet-HIV.G.DE62.json	1328	3	0	0	0	0	0	0	0	5	0	0	0	0	0	0	0	0	0	0	8	14	0	0	0	0	1	0	0
fsh-generated/resources/ValueSet-HIV.G.DE70.json	1006	3	0	0	0	0	0	0	0	4	0	0	0	0	0	0	0	0	0	0	5	15	0	0	0	0	0	0	0
fsh-generated/resources/ValueSet-HIV.G.DE74.json	927	3	0	0	0	0	0	0	0	4	0	0	0	0	0	0	0	0	0	0	6	18	0	0	0	0	0	0	0
fsh-generated/resources/ValueSet-HIV.H.DE1.json	1472	4	0	0	0	0	0	0	0	5	0	0	0	0	0	0	0	0	0	0	8	15	0	0	0	0	0	0	0
fsh-generated/resources/ValueSet-HIV.H.DE13.json	1019	3	0	0	0	0	0	0	0	4	0	0	0	0	0	0	0	0	0	0	6	13	0	0	0	0	0	0	0
fsh-generated/resources/ValueSet-HIV.H.DE17.json	1169	3	0	0	0	0	0	0	1	5	0	0	0	0	0	0	0	0	0	0	6	13	0	0	0	0	0	0	0
fsh-generated/resources/ValueSet-HIV.H.DE23.json	1365	3	0	0	1	0	0	0	0	4	0	0	0	0	0	0	0	0	0	0	7	14	0	0	0	0	1	0	0
fsh-generated/resources/ValueSet-HIV.H.DE34.json	1069	3	0	0	0	0	0	0	0	5	0	0	0	0	0	0	0	0	0	0	6	13	0	0	0	0	0	0	0
fsh-generated/resources/ValueSet-HIV.H.DE41.json	1191	3	0	0	0	0	0	0	0	4	0	0	0	0	0	0	0	0	0	0	7	18	0	0	0	0	0	0	0
fsh-generated/resources/ValueSet-HIV.H.DE50.json	852	4	0	0	0	0	0	0	0	5	0	0	0	0	0	0	0	0	0	0	5	14	0	0	0	0	0	0	0
fsh-generated/resources/ValueSet-HIV.H.DE53.json	2507	3	0	0	0	0	0	0	0	6	0	0	0	0	0	0	0	0	0	0	12	18	0	0	0	0	1	0	0
fsh-generated/resources/ValueSet-HIV.H.DE74.json	1401	3	0	0	0	0	0	0	0	5	0	0	0	0	0	0	0	0	0	0	7	14	0	0	0	0	0	0	0
fsh-generated/resources/ValueSet-HIV.I.DE2.json	1352	3	0	0	0	0	0	0	0	4	0	0	0	0	0	0	0	0	0	0	7	14	0	0	0	0	0	0	0
fsh-generated/resources/ValueSet-HIV.PRV.DE11.json	1035	3	0	0	0	0	0	0	1	5	0	0	0	0	0	0	0	0	0	0	6	13	0	0	0	0	0	0	0
fsh-generated/resources/ValueSet-HIV.PRV.DE2.json	1312	3	0	0	0	0	0	0	0	4	0	0	0	0	0	0	0	0	0	0	9	15	0	0	0	0	0	0	0
/input/includes/dmn2html.xslt	6208	-	-	-	0	0	0	0	0	0	0	0	0	0	0	0	0	0	0	0	0	0	0	0	0	0	0	0	0
/fsh-generated/includes/menu.xml	4032	-	-	-	0	0	0	0	0	0	0	0	0	0	0	0	0	0	0	0	0	0	0	0	0	0	0	0	0
/fsh-generated/includes/fsh-link-references.md	31485	-	-	-	0	0	0	0	0	0	0	0	0	0	0	0	0	0	0	0	0	0	0	0	0	0	0	0	0
/input/data/features.yaml	359	-	-	-	0	0	0	0	0	0	0	0	0	0	0	0	0	0	0	0	0	0	0	0	0	0	0	0	0
/input/pagecontent/StructureDefinition-HIVDCareTreatment.md	237	-	-	-	0	0	0	0	0	0	0	0	0	0	0	0	0	0	0	0	0	0	0	0	0	0	0	0	0
/input/pagecontent/ValueSet-HIV.B.DE261.md	231	-	-	-	0	0	0	0	0	0	0	0	0	0	0	0	0	0	0	0	0	0	0	0	0	0	0	0	0
/input/pagecontent/ValueSet-HIV.D.DE569.md	261	-	-	-	0	0	0	0	0	0	0	0	0	0	0	0	0	0	0	0	0	0	0	0	0	0	0	0	0
/input/pagecontent/ValueSet-HIV.D.DE560.md	227	-	-	-	0	0	0	0	0	0	0	0	0	0	0	0	0	0	0	0	0	0	0	0	0	0	0	0	0
/input/pagecontent/ValueSet-HIV.D.DE691.md	252	-	-	-	0	0	0	0	0	0	0	0	0	0	0	0	0	0	0	0	0	0	0	0	0	0	0	0	0
/input/pagecontent/ValueSet-HIV.D.DE186.md	494	-	-	-	0	0	0	0	0	0	0	0	0	0	0	0	0	0	0	0	0	0	0	0	0	0	0	0	0
/input/pagecontent/ValueSet-HIV.D.DE197.md	248	-	-	-	0	0	0	0	0	0	0	0	0	0	0	0	0	0	0	0	0	0	0	0	0	0	0	0	0
/input/pagecontent/ValueSet-HIV.B.DE61.md	242	-	-	-	0	0	0	0	0	0	0	0	0	0	0	0	0	0	0	0	0	0	0	0	0	0	0	0	0
/input/pagecontent/ValueSet-HIV.D.DE853.md	278	-	-	-	0	0	0	0	0	0	0	0	0	0	0	0	0	0	0	0	0	0	0	0	0	0	0	0	0
/input/pagecontent/ValueSet-HIV.C.DE31.md	274	-	-	-	0	0	0	0	0	0	0	0	0	0	0	0	0	0	0	0	0	0	0	0	0	0	0	0	0
/input/pagecontent/ValueSet-HIV.B.DE312.md	218	-	-	-	0	0	0	0	0	0	0	0	0	0	0	0	0	0	0	0	0	0	0	0	0	0	0	0	0
/input/pagecontent/ValueSet-HIV.E.DE114.md	275	-	-	-	0	0	0	0	0	0	0	0	0	0	0	0	0	0	0	0	0	1	0	0	0	0	0	0	0
/input/pagecontent/ValueSet-HIV.D.DE391.md	351	-	-	-	0	0	0	0	0	0	0	0	0	0	0	0	0	0	0	0	0	0	0	0	0	0	0	0	0
/input/pagecontent/ValueSet-HIV.B.DE132.md	249	-	-	-	0	0	0	0	0	0	0	0	0	0	0	0	0	0	0	0	0	0	0	0	0	0	0	0	0
/input/pagecontent/ValueSet-HIV.E.DE108.md	296	-	-	-	0	0	0	0	0	0	0	0	0	0	0	0	0	0	0	0	0	0	0	0	0	0	0	0	0
/input/pagecontent/ValueSet-HIV.D.DE74.md	291	-	-	-	0	0	0	0	0	0	0	0	0	0	0	0	0	0	0	0	0	0	0	0	0	0	0	0	0
/input/pagecontent/ValueSet-HIV.D.DE706.md	262	-	-	-	0	0	0	0	0	0	0	0	0	0	0	0	0	0	0	0	0	0	0	0	0	0	0	0	0
/input/pagecontent/ValueSet-HIV.H.DE74.md	243	-	-	-	0	0	0	0	0	0	0	0	0	0	0	0	0	0	0	0	0	0	0	0	0	0	0	0	0
/input/pagecontent/ValueSet-HIV.D.DE664.md	273	-	-	-	0	0	0	0	0	0	0	0	0	0	0	0	0	0	0	0	0	0	0	0	0	0	0	0	0
/input/pagecontent/ValueSet-HIV.B.DE207.md	299	-	-	-	0	0	0	0	0	0	0	0	0	0	0	0	0	0	0	0	0	0	0	0	0	0	0	0	0
/input/pagecontent/ValueSet-HIV.C.DE157.md	276	-	-	-	0	0	0	0	0	0	0	0	0	0	0	0	0	0	0	0	0	0	0	0	0	0	0	0	0
/input/pagecontent/ValueSet-HIV.D.DE821.md	263	-	-	-	0	0	0	0	0	0	0	0	0	0	0	0	0	0	0	0	0	0	0	0	0	0	0	0	0
/input/pagecontent/ValueSet-HIV.E.DE216.md	276	-	-	-	0	0	0	0	0	0	0	0	0	0	0	0	0	0	0	0	0	0	0	0	0	0	0	0	0
/input/pagecontent/ValueSet-HIV.E.DE141.md	239	-	-	-	0	0	0	0	0	0	0	0	0	0	0	0	0	0	0	0	0	0	0	0	0	0	0	0	0
/input/pagecontent/ValueSet-HIV.E.DE52.md	233	-	-	-	0	0	0	0	0	0	0	0	0	0	0	0	0	0	0	0	0	0	0	0	0	0	0	0	0
/input/pagecontent/ValueSet-HIV.H.DE34.md	274	-	-	-	0	0	0	0	0	0	0	0	0	0	0	0	0	0	0	0	0	0	0	0	0	0	0	0	0
/input/pagecontent/ValueSet-HIV.E.DE41.md	281	-	-	-	0	0	0	0	0	0	0	0	0	0	0	0	0	0	0	0	0	0	0	0	0	0	0	0	0
/input/pagecontent/StructureDefinition-HIVPrevention.md	208	-	-	-	0	0	0	0	0	0	0	0	0	0	0	0	0	0	0	0	0	0	0	0	0	0	0	0	0
/input/pagecontent/ValueSet-HIV.D.DE494.md	300	-	-	-	0	0	0	0	0	0	0	0	0	0	0	0	0	0	0	0	0	0	0	0	0	0	0	0	0
/input/pagecontent/ValueSet-HIV.B.DE74.md	303	-	-	-	0	0	0	0	0	0	0	0	0	0	0	0	0	0	0	0	0	1	0	0	0	0	0	0	0
/input/pagecontent/ValueSet-HIV.D.DE182.md	237	-	-	-	0	0	0	0	0	0	0	0	0	0	0	0	0	0	0	0	0	0	0	0	0	0	0	0	0
/input/pagecontent/ValueSet-HIV.D.DE1.md	279	-	-	-	0	0	0	0	0	0	0	0	0	0	0	0	0	0	0	0	0	0	0	0	0	0	0	0	0
/input/pagecontent/ValueSet-HIV.G.DE18.md	236	-	-	-	0	0	0	0	0	0	0	0	0	0	0	0	0	0	0	0	0	0	0	0	0	0	0	0	0
/input/pagecontent/transactions.md	325	-	-	-	0	0	0	0	0	0	0	0	0	0	0	0	0	0	0	0	0	0	0	0	0	0	0	0	0
/input/pagecontent/ValueSet-HIV.D.DE444.md	235	-	-	-	0	0	0	0	0	0	0	0	0	0	0	0	0	0	0	0	0	0	0	0	0	0	0	0	0
/input/pagecontent/ValueSet-HIV.B.DE158.md	290	-	-	-	0	0	0	0	0	0	0	0	0	0	0	0	0	0	0	0	0	0	0	0	0	0	0	0	0
/input/pagecontent/indicators.md	318998	-	-	-	0	0	0	0	0	0	0	0	0	0	0	0	0	0	0	0	0	4	0	0	0	0	0	0	0
/input/pagecontent/ValueSet-HIV.C.DE95.md	250	-	-	-	0	0	0	0	0	0	0	0	0	0	0	0	0	0	0	0	0	0	0	0	0	0	0	0	0
/input/pagecontent/ValueSet-HIV.PRV.DE2.md	258	-	-	-	0	0	0	0	0	0	0	0	0	0	0	0	0	0	0	0	0	0	0	0	0	0	0	0	0
/input/pagecontent/ValueSet-HIV.A.DE25.md	220	-	-	-	0	0	0	0	0	0	0	0	0	0	0	0	0	0	0	0	0	1	0	0	0	0	0	0	0
/input/pagecontent/changes.md	75	-	-	-	0	0	0	0	0	0	0	0	0	0	0	0	0	0	0	0	0	0	0	0	0	0	0	0	0
/input/pagecontent/ValueSet-HIV.E.DE212.md	284	-	-	-	0	0	0	0	0	0	0	0	0	0	0	0	0	0	0	0	0	0	0	0	0	0	0	0	0
/input/pagecontent/ValueSet-HIV.B.DE165.md	276	-	-	-	0	0	0	0	0	0	0	0	0	0	0	0	0	0	0	0	0	0	0	0	0	0	0	0	0
/input/pagecontent/ValueSet-HIV.E.DE264.md	255	-	-	-	0	0	0	0	0	0	0	0	0	0	0	0	0	0	0	0	0	0	0	0	0	0	0	0	0
/input/pagecontent/ValueSet-HIV.D.DE483.md	343	-	-	-	0	0	0	0	0	0	0	0	0	0	0	0	0	0	0	0	0	0	0	0	0	0	0	0	0
/input/pagecontent/ValueSet-HIV.B.DE172.md	246	-	-	-	0	0	0	0	0	0	0	0	0	0	0	0	0	0	0	0	0	0	0	0	0	0	0	0	0
/input/pagecontent/ValueSet-HIV.D.DE606.md	273	-	-	-	0	0	0	0	0	0	0	0	0	0	0	0	0	0	0	0	0	0	0	0	0	0	0	0	0
/input/pagecontent/ValueSet-HIV.B.DE94.md	265	-	-	-	0	0	0	0	0	0	0	0	0	0	0	0	0	0	0	0	0	0	0	0	0	0	0	0	0
/input/pagecontent/ValueSet-HIV.D.DE532.md	254	-	-	-	0	0	0	0	0	0	0	0	0	0	0	0	0	0	0	0	0	0	0	0	0	0	0	0	0
/input/pagecontent/ValueSet-HIV.A.DE5.md	219	-	-	-	0	0	0	0	0	0	0	0	0	0	0	0	0	0	0	0	0	0	0	0	0	0	0	0	0
/input/pagecontent/ValueSet-HIV.D.DE813.md	231	-	-	-	0	0	0	0	0	0	0	0	0	0	0	0	0	0	0	0	0	0	0	0	0	0	0	0	0
/input/pagecontent/ValueSet-HIV.E.DE194.md	277	-	-	-	0	0	0	0	0	0	0	0	0	0	0	0	0	0	0	0	0	0	0	0	0	0	0	0	0
/input/pagecontent/StructureDefinition-HIVIReferral.md	204	-	-	-	0	0	0	0	0	0	0	0	0	0	0	0	0	0	0	0	0	0	0	0	0	0	0	0	0
/input/pagecontent/scenarios.md	1058	-	-	-	0	0	0	0	0	0	0	0	0	0	0	0	0	0	0	0	0	0	0	0	0	0	0	0	0
/input/pagecontent/ValueSet-HIV.B.DE111.md	262	-	-	-	0	0	0	0	0	0	0	0	0	0	0	0	0	0	0	0	0	0	0	0	0	0	0	0	0
/input/pagecontent/concepts.md	8204	-	-	-	0	0	0	0	0	0	0	0	0	0	0	0	0	0	0	0	0	1	0	0	0	0	0	0	0
/input/pagecontent/ValueSet-HIV.D.DE80.md	309	-	-	-	0	0	0	0	0	0	0	0	0	0	0	0	0	0	0	0	0	0	0	0	0	0	0	0	0
/input/pagecontent/ValueSet-HIV.D.DE593.md	254	-	-	-	0	0	0	0	0	0	0	0	0	0	0	0	0	0	0	0	0	0	0	0	0	0	0	0	0
/input/pagecontent/license.md	3787	-	-	-	0	0	0	0	0	0	0	0	0	0	0	0	0	0	0	0	0	0	0	0	0	0	0	0	0
/input/pagecontent/ValueSet-HIV.E.DE145.md	277	-	-	-	0	0	0	0	0	0	0	0	0	0	0	0	0	0	0	0	0	0	0	0	0	0	0	0	0
/input/pagecontent/ValueSet-HIV.D.DE457.md	278	-	-	-	0	0	0	0	0	0	0	0	0	0	0	0	0	0	0	0	0	0	0	0	0	0	0	0	0
/input/pagecontent/ValueSet-HIV.D.DE259.md	337	-	-	-	0	0	0	0	0	0	0	0	0	0	0	0	0	0	0	0	0	0	0	0	0	0	0	0	0
/input/pagecontent/ValueSet-HIV.Config.DE19.md	315	-	-	-	0	0	0	0	0	0	0	0	0	0	0	0	0	0	0	0	0	0	0	0	0	0	0	0	0
/input/pagecontent/ValueSet-HIV.D.DE63.md	330	-	-	-	0	0	0	0	0	0	0	0	0	0	0	0	0	0	0	0	0	0	0	0	0	0	0	0	0
/input/pagecontent/ValueSet-HIV.D.DE537.md	263	-	-	-	0	0	0	0	0	0	0	0	0	0	0	0	0	0	0	0	0	0	0	0	0	0	0	0	0
/input/pagecontent/ValueSet-HIV.D.DE828.md	268	-	-	-	0	0	0	0	0	0	0	0	0	0	0	0	0	0	0	0	0	0	0	0	0	0	0	0	0
/input/pagecontent/ValueSet-HIV.C.DE36.md	282	-	-	-	0	0	0	0	0	0	0	0	0	0	0	0	0	0	0	0	0	0	0	0	0	0	0	0	0
/input/pagecontent/ValueSet-HIV.E.DE75.md	232	-	-	-	0	0	0	0	0	0	0	0	0	0	0	0	0	0	0	0	0	0	0	0	0	0	0	0	0
/input/pagecontent/ValueSet-HIV.B.DE284.md	268	-	-	-	0	0	0	0	0	0	0	0	0	0	0	0	0	0	0	0	0	0	0	0	0	0	0	0	0
/input/pagecontent/ValueSet-HIV.H.DE41.md	278	-	-	-	0	0	0	0	0	0	0	0	0	0	0	0	0	0	0	0	0	0	0	0	0	0	0	0	0
/input/pagecontent/ValueSet-HIV.D.DE64.md	288	-	-	-	0	0	0	0	0	0	0	0	0	0	0	0	0	0	0	0	0	0	0	0	0	0	0	0	0
/input/pagecontent/ValueSet-HIV.B.DE102.md	266	-	-	-	0	0	0	0	0	0	0	0	0	0	0	0	0	0	0	0	0	1	0	0	0	0	0	0	0
/input/pagecontent/ValueSet-HIV.B.DE149.md	261	-	-	-	0	0	0	0	0	0	0	0	0	0	0	0	0	0	0	0	0	0	0	0	0	0	0	0	0
/input/pagecontent/ValueSet-HIV.B.DE301.md	278	-	-	-	0	0	0	0	0	0	0	0	0	0	0	0	0	0	0	0	0	0	0	0	0	0	0	0	0
/input/pagecontent/ValueSet-HIV.E.DE255.md	350	-	-	-	0	0	0	0	0	0	0	0	0	0	0	0	0	0	0	0	0	0	0	0	0	0	0	0	0
/input/pagecontent/ValueSet-HIV.G.DE55.md	262	-	-	-	0	0	0	0	0	0	0	0	0	0	0	0	0	0	0	0	0	0	0	0	0	0	0	0	0
/input/pagecontent/ValueSet-HIV.D.DE603.md	257	-	-	-	0	0	0	0	0	0	0	0	0	0	0	0	0	0	0	0	0	0	0	0	0	0	0	0	0
/input/pagecontent/ValueSet-HIV.D.DE1019.md	284	-	-	-	0	0	0	0	0	0	0	0	0	0	0	0	0	0	0	1	0	0	0	0	0	0	0	0	0
/input/pagecontent/ValueSet-HIV.B.DE142.md	264	-	-	-	0	0	0	0	0	0	0	0	0	0	0	0	0	0	0	0	0	0	0	0	0	0	0	0	0
/input/pagecontent/ValueSet-HIV.D.DE709.md	241	-	-	-	0	0	0	0	0	0	0	0	0	0	0	0	0	0	0	0	0	0	0	0	0	0	0	0	0
/input/pagecontent/ValueSet-HIV.D.DE992.md	283	-	-	-	0	0	0	0	0	0	0	0	0	0	0	0	0	0	0	0	0	0	0	0	0	0	0	0	0
/input/pagecontent/ValueSet-HIV.C.DE75.md	241	-	-	-	0	0	0	0	0	0	0	0	0	0	0	0	0	0	0	0	0	0	0	0	0	0	0	0	0
/input/pagecontent/ValueSet-HIV.C.DE143.md	315	-	-	-	0	0	0	0	0	0	0	0	0	0	0	0	0	0	0	0	0	0	0	0	0	0	0	0	0
/input/pagecontent/ValueSet-HIV.C.DE122.md	260	-	-	-	0	0	0	0	0	0	0	0	0	0	0	0	0	0	0	0	0	0	0	0	0	0	0	0	0
/input/pagecontent/ValueSet-HIV.E.DE17.md	291	-	-	-	0	0	0	0	0	0	0	0	0	0	0	0	0	0	0	0	0	0	0	0	0	0	0	0	0
/input/pagecontent/security-privacy.md	335	-	-	-	0	0	0	0	0	0	0	0	0	0	0	0	0	0	0	0	0	0	0	0	0	0	0	0	0
/input/pagecontent/ValueSet-HIV.C.DE1.md	242	-	-	-	0	0	0	0	0	0	0	0	0	0	0	0	0	0	0	0	0	0	0	0	0	0	0	0	0
/input/pagecontent/ValueSet-HIV.C.DE41.md	366	-	-	-	0	0	0	0	0	0	0	0	0	0	0	0	0	0	0	0	0	0	0	0	0	0	0	0	0
/input/pagecontent/ValueSet-HIV.B.DE317.md	261	-	-	-	0	0	0	0	0	0	0	0	0	0	0	0	0	0	0	0	0	0	0	0	0	0	0	0	0
/input/pagecontent/ValueSet-HIV.D.DE65.md	287	-	-	-	0	0	0	0	0	0	0	0	0	0	0	0	0	0	0	0	0	1	0	0	0	0	0	0	0
/input/pagecontent/ValueSet-HIV.D.DE731.md	265	-	-	-	0	0	0	0	0	0	0	0	0	0	0	0	0	0	0	0	0	0	0	0	0	0	0	0	0
/input/pagecontent/ValueSet-HIV.D.DE903.md	285	-	-	-	0	0	0	0	0	0	0	0	0	0	0	0	0	0	0	0	0	0	0	0	0	0	0	0	0
/input/pagecontent/dependencies.md	917	-	-	-	0	0	0	0	0	0	0	0	0	0	0	0	0	0	0	0	0	0	0	0	0	0	0	0	0
/input/pagecontent/ValueSet-HIV.E.DE180.md	242	-	-	-	0	0	0	0	0	0	0	0	0	0	0	0	0	0	0	0	0	0	0	0	0	0	0	0	0
/input/pagecontent/ValueSet-HIV.A.DE18.md	208	-	-	-	0	0	0	0	0	0	0	0	0	0	0	0	0	0	0	0	0	0	0	0	0	0	0	0	0
/input/pagecontent/ValueSet-HIV.D.DE869.md	261	-	-	-	0	0	0	0	0	0	0	0	0	0	0	0	0	0	0	0	0	0	0	0	0	0	0	0	0
/input/pagecontent/ValueSet-HIV.D.DE418.md	298	-	-	-	0	0	0	0	0	0	0	0	0	0	0	0	0	0	0	0	0	0	0	0	0	0	0	0	0
/input/pagecontent/ValueSet-HIV.B.DE5.md	343	-	-	-	0	0	0	0	0	0	0	0	0	0	0	0	0	0	0	0	0	0	0	0	0	0	0	0	0
/input/pagecontent/ValueSet-HIV.D.DE646.md	260	-	-	-	0	0	0	0	0	0	0	0	0	0	0	0	0	0	0	0	0	0	0	0	0	0	0	0	0
/input/pagecontent/ValueSet-HIV.D.DE864.md	218	-	-	-	0	0	0	0	0	0	0	0	0	0	0	0	0	0	0	0	0	0	0	0	0	0	0	0	0
/input/pagecontent/ValueSet-HIV.E.DE91.md	218	-	-	-	0	0	0	0	0	0	0	0	0	0	0	0	0	0	0	0	0	0	0	0	0	0	0	0	0
/input/pagecontent/ValueSet-HIV.D.DE939.md	272	-	-	-	0	0	0	0	0	0	0	0	0	0	0	0	0	0	0	0	0	0	0	0	0	0	0	0	0
/input/pagecontent/ValueSet-HIV.E.DE127.md	229	-	-	-	0	0	0	0	0	0	0	0	0	0	0	0	0	0	0	0	0	0	0	0	0	0	0	0	0
/input/pagecontent/ValueSet-HIV.D.DE449.md	288	-	-	-	0	0	0	0	0	0	0	0	0	0	0	0	0	0	0	0	0	0	0	0	0	0	0	0	0
/input/pagecontent/ValueSet-HIV.B.DE306.md	268	-	-	-	0	0	0	0	0	0	0	0	0	0	0	0	0	0	0	0	0	0	0	0	0	0	0	0	0
/input/pagecontent/functional-requirements.md	453	-	-	-	0	0	0	0	0	0	0	0	0	0	0	0	0	0	0	0	0	0	0	0	0	0	0	0	0
/input/pagecontent/ValueSet-HIV.D.DE681.md	254	-	-	-	0	0	0	0	0	0	0	0	0	0	0	0	0	0	0	0	0	1	0	0	0	0	0	0	0
/input/pagecontent/indices.md	0	-	-	-	0	0	0	0	0	0	0	0	0	0	0	0	0	0	0	0	0	0	0	0	0	0	0	0	0
/input/pagecontent/ValueSet-HIV.C.DE55.md	294	-	-	-	0	0	0	0	0	0	0	0	0	0	0	0	0	0	0	0	0	0	0	0	0	0	0	0	0
/input/pagecontent/ValueSet-HIV.G.DE13.md	260	-	-	-	0	0	0	0	0	0	0	0	0	0	0	0	0	0	0	0	0	0	0	0	0	0	0	0	0
/input/pagecontent/ValueSet-HIV.E.DE183.md	264	-	-	-	0	0	0	0	0	0	0	0	0	0	0	0	0	0	0	0	0	0	0	0	0	0	0	0	0
/input/pagecontent/ValueSet-HIV.D.DE17.md	304	-	-	-	0	0	0	0	0	0	0	0	0	0	0	0	0	0	0	0	0	0	0	0	0	0	0	0	0
/input/pagecontent/ValueSet-HIV.Config.DE12.md	445	-	-	-	0	0	0	0	0	0	0	0	0	0	0	0	0	0	0	0	0	0	0	0	0	0	0	0	0
/input/pagecontent/personas.md	722	-	-	-	0	0	0	0	0	0	0	0	0	0	0	0	0	0	0	0	0	0	0	0	0	0	0	0	0
/input/pagecontent/ValueSet-HIV.E.DE230.md	331	-	-	-	0	0	0	0	0	0	0	0	0	0	0	0	0	0	0	0	0	0	0	0	0	0	0	0	0
/input/pagecontent/ValueSet-HIV.D.DE973.md	292	-	-	-	0	0	0	0	0	0	0	0	0	0	0	0	0	0	0	0	0	0	0	0	0	0	0	0	0
/input/pagecontent/PlanDefinitionIndex.md	1118	-	-	-	0	0	0	0	0	0	0	0	0	0	0	0	0	0	0	0	0	0	0	0	0	0	0	0	0
/input/pagecontent/ValueSet-HIV.B.DE120.md	287	-	-	-	0	0	0	0	0	0	0	0	0	0	0	0	0	0	0	0	0	0	0	0	0	0	0	0	0
/input/pagecontent/ValueSet-HIV.B.DE33.md	250	-	-	-	0	0	0	0	0	0	0	0	0	0	0	0	0	0	0	0	0	0	0	0	0	0	0	0	0
/input/pagecontent/ValueSet-HIV.D.DE688.md	233	-	-	-	0	0	0	0	0	0	0	0	0	0	0	0	0	0	0	0	0	0	0	0	0	0	0	0	0
/input/pagecontent/ValueSet-HIV.D.DE897.md	257	-	-	-	0	0	0	0	0	0	0	0	0	0	0	0	0	0	0	0	0	0	0	0	0	0	0	0	0
/input/pagecontent/ValueSet-HIV.D.DE808.md	232	-	-	-	0	0	0	0	0	0	0	0	0	0	0	0	0	0	0	0	0	0	0	0	0	0	0	0	0
/input/pagecontent/ValueSet-HIV.E.DE104.md	265	-	-	-	0	0	0	0	0	0	0	0	0	0	0	0	0	0	0	0	0	0	0	0	0	0	0	0	0
/input/pagecontent/ValueSet-HIV.B.DE1.md	234	-	-	-	0	0	0	0	0	0	0	0	0	0	0	0	0	0	0	0	0	0	0	0	0	0	0	0	0
/input/pagecontent/ValueSet-HIV.D.DE430.md	271	-	-	-	0	0	0	0	0	0	0	0	0	0	0	0	0	0	0	0	0	1	0	0	0	0	0	0	0
/input/pagecontent/ValueSet-HIV.B.DE136.md	313	-	-	-	0	0	0	0	0	0	0	0	0	0	0	0	0	0	0	0	0	0	0	0	0	0	0	0	0
/input/pagecontent/index.md	4343	-	-	-	0	0	0	0	0	0	0	0	0	0	0	0	0	0	0	0	0	0	0	0	0	0	0	0	0
/input/pagecontent/ValueSet-HIV.B.DE179.md	279	-	-	-	0	0	0	0	0	0	0	0	0	0	0	0	0	0	0	0	0	0	0	0	0	0	0	0	0
/input/pagecontent/ValueSet-HIV.E.DE6.md	340	-	-	-	0	0	0	0	0	0	0	0	0	0	0	0	0	0	0	0	0	0	0	0	0	0	0	0	0
/input/pagecontent/ValueSet-HIV.D.DE179.md	257	-	-	-	0	0	0	0	0	0	0	0	0	0	0	0	0	0	0	0	0	0	0	0	0	0	0	0	0
/input/pagecontent/ValueSet-HIV.H.DE1.md	247	-	-	-	0	0	0	0	0	0	0	0	0	0	0	0	0	0	0	0	0	0	0	0	0	0	0	0	0
/input/pagecontent/ValueSet-HIV.D.DE492.md	341	-	-	-	0	0	0	0	0	0	0	0	0	0	0	0	0	0	0	0	0	0	0	0	0	0	0	0	0
/input/pagecontent/ValueSet-HIV.D.DE845.md	268	-	-	-	0	0	0	0	0	0	0	0	0	0	0	0	0	0	0	0	0	0	0	0	0	0	0	0	0
/input/pagecontent/ValueSet-HIV.D.DE83.md	310	-	-	-	0	0	0	0	0	0	0	0	0	0	0	0	0	0	0	0	0	0	0	0	0	0	0	0	0
/input/pagecontent/ValueSet-HIV.H.DE13.md	241	-	-	-	0	0	0	0	0	0	0	0	0	0	0	0	0	0	0	0	0	0	0	0	0	0	0	0	0
/input/pagecontent/ValueSet-HIV.G.DE74.md	227	-	-	-	0	0	0	0	0	0	0	0	0	0	0	0	0	0	0	0	0	0	0	0	0	0	0	0	0
/input/pagecontent/ValueSet-HIV.D.DE289.md	330	-	-	-	0	0	0	0	0	0	0	0	0	0	0	0	0	0	0	0	0	0	0	0	0	0	0	0	0
/input/pagecontent/ValueSet-HIV.D.DE488.md	302	-	-	-	0	0	0	0	0	0	0	0	0	0	0	0	0	0	0	0	0	0	0	0	0	0	0	0	0
/input/pagecontent/ValueSet-HIV.D.DE858.md	268	-	-	-	0	0	0	0	0	0	0	0	0	0	0	0	0	0	0	0	0	0	0	0	0	0	0	0	0
/input/pagecontent/ValueSet-HIV.D.DE128.md	254	-	-	-	0	0	0	0	0	0	0	0	0	0	0	0	0	0	0	0	0	0	0	0	0	0	0	0	0
/input/pagecontent/ValueSet-HIV.B.DE98.md	266	-	-	-	0	0	0	0	0	0	0	0	0	0	0	0	0	0	0	0	0	0	0	0	0	0	0	0	0
/input/pagecontent/StructureDefinition-HIVCPrEPvisit.md	210	-	-	-	0	0	0	0	0	0	0	0	0	0	0	0	0	0	0	0	0	0	0	0	0	0	0	0	0
/input/pagecontent/dak-api.md	212	-	-	-	0	0	0	0	0	0	0	0	0	0	0	0	0	0	0	0	0	1	0	0	0	0	0	0	0
/input/pagecontent/ValueSet-HIV.D.DE383.md	250	-	-	-	0	0	0	0	0	0	0	0	0	0	0	0	0	0	0	0	0	0	0	0	0	0	0	0	0
/input/pagecontent/ValueSet-HIV.D.DE52.md	258	-	-	-	0	0	0	0	0	0	0	0	0	0	0	0	0	0	0	0	0	0	0	0	0	0	0	0	0
/input/pagecontent/business-process.md	11	-	-	-	0	0	0	0	0	0	0	0	0	0	0	0	0	0	0	0	0	0	0	0	0	0	0	0	0
/input/pagecontent/ValueSet-HIV.A.DE13.md	231	-	-	-	0	0	0	0	0	0	0	0	0	0	0	0	0	0	0	0	0	0	0	0	0	0	0	0	0
/input/pagecontent/ValueSet-HIV.D.DE162.md	237	-	-	-	0	0	0	0	0	0	0	0	0	0	0	0	0	0	0	0	0	0	0	0	0	0	0	0	0
/input/pagecontent/ValueSet-HIV.E.DE246.md	247	-	-	-	0	0	0	0	0	0	0	0	0	0	0	0	0	0	0	0	0	0	0	0	0	0	0	0	0
/input/pagecontent/ValueSet-HIV.C.DE11.md	275	-	-	-	0	0	0	0	0	0	0	0	0	0	0	0	0	0	0	0	0	0	0	0	0	0	0	0	0
/input/pagecontent/ValueSet-HIV.B.DE256.md	232	-	-	-	0	0	0	0	0	0	0	0	0	0	0	0	0	0	0	0	0	0	0	0	0	0	0	0	0
/input/pagecontent/ValueSet-HIV.C.DE80.md	248	-	-	-	0	0	0	0	0	0	0	0	0	0	0	0	0	0	0	0	0	0	0	0	0	0	0	0	0
/input/pagecontent/ValueSet-HIV.D.DE947.md	235	-	-	-	0	0	0	0	0	0	0	0	0	0	0	0	0	0	0	0	0	0	0	0	0	0	0	0	0
/input/pagecontent/ValueSet-HIV.D.DE77.md	307	-	-	-	0	0	0	0	0	0	0	0	0	0	0	0	0	0	0	0	0	0	0	0	0	0	0	0	0
/input/pagecontent/ValueSet-HIV.D.DE1034.md	281	-	-	-	0	0	0	0	0	0	0	0	0	0	0	0	0	0	0	0	0	0	0	0	0	0	0	0	0
/input/pagecontent/ValueSet-HIV.D.DE79.md	343	-	-	-	0	0	0	0	0	0	0	0	0	0	0	0	0	0	0	0	0	0	0	0	0	0	0	0	0
/input/pagecontent/ValueSet-HIV.H.DE23.md	265	-	-	-	0	0	0	0	0	0	0	0	0	0	0	0	0	0	0	0	0	0	0	0	0	0	0	0	0
/input/pagecontent/ValueSet-HIV.I.DE2.md	301	-	-	-	0	0	0	0	0	0	0	0	0	0	0	0	0	0	0	0	0	0	0	0	0	0	0	0	0
/input/pagecontent/ValueSet-HIV.B.DE191.md	262	-	-	-	0	0	0	0	0	0	0	0	0	0	0	0	0	0	0	0	0	0	0	0	0	0	0	0	0
/input/pagecontent/StructureDefinition-HIVSurveillance.md	212	-	-	-	0	0	0	0	0	0	0	0	0	0	0	0	0	0	0	0	0	0	0	0	0	0	0	0	0
/input/pagecontent/ValueSet-HIV.E.DE200.md	266	-	-	-	0	0	0	0	0	0	0	0	0	0	0	0	0	0	0	0	0	1	0	0	0	0	0	0	0
/input/pagecontent/ValueSet-HIV.D.DE446.md	279	-	-	-	0	0	0	0	0	0	0	0	0	0	0	0	0	0	0	0	0	0	0	0	0	0	0	0	0
/input/pagecontent/sequence-diagrams.md	75	-	-	-	0	0	0	0	0	0	0	0	0	0	0	0	0	0	0	0	0	0	0	0	0	0	0	0	0
/input/pagecontent/ValueSet-HIV.B.DE88.md	276	-	-	-	0	0	0	0	0	0	0	0	0	0	0	0	0	0	0	0	0	0	0	0	0	0	0	0	0
/input/pagecontent/ValueSet-HIV.C.DE138.md	227	-	-	-	0	0	0	0	0	0	0	0	0	0	0	0	0	0	0	0	0	0	0	0	0	0	0	0	0
/input/pagecontent/ValueSet-HIV.H.DE50.md	251	-	-	-	0	0	0	0	0	0	0	0	0	0	0	0	0	0	0	0	0	0	0	0	0	0	0	0	0
/input/pagecontent/ValueSet-HIV.B.DE81.md	211	-	-	-	0	0	0	0	0	0	0	0	0	0	0	0	0	0	0	0	0	0	0	0	0	0	0	0	0
/input/pagecontent/ValueSet-HIV.B.DE37.md	297	-	-	-	0	0	0	0	0	0	0	0	0	0	0	0	0	0	0	0	0	0	0	0	0	0	0	0	0
/input/pagecontent/ValueSet-HIV.D.DE719.md	277	-	-	-	0	0	0	0	0	0	0	0	0	0	0	0	0	0	0	0	0	0	0	0	0	0	0	0	0
/input/pagecontent/ValueSet-HIV.B.DE237.md	232	-	-	-	0	0	0	0	0	0	0	0	0	0	0	0	0	0	0	0	0	0	0	0	0	0	0	0	0
/input/pagecontent/ValueSet-HIV.B.DE250.md	228	-	-	-	0	0	0	0	0	0	0	0	0	0	0	0	0	0	0	0	0	0	0	0	0	0	0	0	0
/input/pagecontent/ValueSet-HIV.H.DE17.md	241	-	-	-	0	0	0	0	0	0	0	0	0	0	0	0	0	0	0	0	0	0	0	0	0	0	0	0	0
/input/pagecontent/ValueSet-HIV.C.DE112.md	277	-	-	-	0	0	0	0	0	0	0	0	0	0	0	0	0	0	0	0	0	0	0	0	0	0	0	0	0
/input/pagecontent/codings.md	687	-	-	-	0	0	0	0	0	0	0	0	0	0	0	0	0	0	0	0	0	0	0	0	0	0	0	0	0
/input/pagecontent/ValueSet-HIV.B.DE106.md	284	-	-	-	0	0	0	0	0	0	0	0	0	0	0	0	0	0	0	0	0	0	0	0	0	0	0	0	0
/input/pagecontent/ValueSet-HIV.D.DE168.md	261	-	-	-	0	0	0	0	0	0	0	0	0	0	0	0	0	0	0	0	0	0	0	0	0	0	0	0	0
/input/pagecontent/ValueSet-HIV.E.DE225.md	319	-	-	-	0	0	0	0	0	0	0	0	0	0	0	0	0	0	0	0	0	0	0	0	0	0	0	0	0
/input/pagecontent/ValueSet-HIV.D.DE399.md	299	-	-	-	0	0	0	0	0	0	0	0	0	0	0	0	0	0	0	0	0	0	0	0	0	0	0	0	0
/input/pagecontent/StructureDefinition-HIVBHTSvisit.md	217	-	-	-	0	0	0	0	0	0	0	0	0	0	0	0	0	0	0	0	0	1	0	0	0	0	0	0	0
/input/pagecontent/ValueSet-HIV.G.DE70.md	227	-	-	-	0	0	0	0	0	0	0	0	0	0	0	0	0	0	0	0	0	0	0	0	0	0	0	0	0
/input/pagecontent/ValueSet-HIV.D.DE55.md	282	-	-	-	0	0	0	0	0	0	0	0	0	0	0	0	0	0	0	0	0	0	0	0	0	0	0	0	0
/input/pagecontent/ValueSet-HIV.B.DE44.md	241	-	-	-	0	0	0	0	0	0	0	0	0	0	0	0	0	0	0	0	0	0	0	0	0	0	0	0	0
/input/pagecontent/ValueSet-HIV.C.DE17.md	245	-	-	-	0	0	0	0	0	0	0	0	0	0	0	0	0	0	0	0	0	0	0	0	0	0	0	0	0
/input/pagecontent/ValueSet-HIV.D.DE519.md	246	-	-	-	0	0	0	0	0	0	0	0	0	0	0	0	0	0	0	0	0	0	0	0	0	0	0	0	0
/input/pagecontent/business-requirements.md	1245	-	-	-	0	0	0	0	0	0	0	0	0	0	0	0	0	0	0	0	0	0	0	0	0	0	0	0	0
/input/pagecontent/ValueSet-HIV.D.DE370.md	292	-	-	-	0	0	0	0	0	0	0	0	0	0	0	0	0	0	0	0	0	0	0	0	0	0	0	0	0
/input/pagecontent/ValueSet-HIV.D.DE697.md	260	-	-	-	0	0	0	0	0	0	0	0	0	0	0	0	0	0	0	0	0	0	0	0	0	0	0	0	0
/input/pagecontent/ValueSet-HIV.C.DE91.md	246	-	-	-	0	0	0	0	0	0	0	0	0	0	0	0	0	0	0	0	0	0	0	0	0	0	0	0	0
/input/pagecontent/ValueSet-HIV.D.DE712.md	270	-	-	-	0	0	0	0	0	0	0	0	0	0	0	0	0	0	0	0	0	0	0	0	0	0	0	0	0
/input/pagecontent/ValueSet-HIV.G.DE51.md	233	-	-	-	0	0	0	0	0	0	0	0	0	0	0	0	0	0	0	0	0	0	0	0	0	0	0	0	0
/input/pagecontent/ValueSet-HIV.PRV.DE11.md	243	-	-	-	0	0	0	0	0	0	0	0	0	0	0	0	0	0	0	0	0	0	0	0	0	0	0	0	0
/input/pagecontent/ValueSet-HIV.B.DE201.md	303	-	-	-	0	0	0	0	0	0	0	0	0	0	0	0	0	0	0	0	0	0	0	0	0	0	0	0	0
/input/pagecontent/ValueSet-HIV.E.DE259.md	264	-	-	-	0	0	0	0	0	0	0	0	0	0	0	0	0	0	0	0	0	0	0	0	0	0	0	0	0
/input/pagecontent/ValueSet-HIV.D.DE486.md	342	-	-	-	0	0	0	0	0	0	0	0	0	0	0	0	0	0	0	0	0	0	0	0	0	0	0	0	0
/input/pagecontent/ValueSet-HIV.B.DE66.md	269	-	-	-	0	0	0	0	0	0	0	0	0	0	0	0	0	0	0	0	0	0	0	0	0	0	0	0	0
/input/pagecontent/ValueSet-HIV.C.DE63.md	346	-	-	-	0	0	0	0	0	0	0	0	0	0	0	0	0	0	0	0	0	1	0	0	0	0	0	0	0
/input/pagecontent/ValueSet-HIV.D.DE229.md	279	-	-	-	0	0	0	0	0	0	0	0	0	0	0	0	0	0	0	0	0	0	0	0	0	0	0	0	0
/input/pagecontent/ValueSet-HIV.D.DE610.md	265	-	-	-	0	0	0	0	0	0	0	0	0	0	0	0	0	0	0	0	0	0	0	0	0	0	0	0	0
/input/pagecontent/ValueSet-HIV.D.DE934.md	330	-	-	-	0	0	0	0	0	0	0	0	0	0	0	0	0	0	0	0	0	0	0	0	0	0	0	0	0
/input/pagecontent/ValueSet-HIV.E.DE240.md	234	-	-	-	0	0	0	0	0	0	0	0	0	0	0	0	0	0	0	0	0	0	0	0	0	0	0	0	0
/input/pagecontent/ValueSet-HIV.D.DE668.md	253	-	-	-	0	0	0	0	0	0	0	0	0	0	0	0	0	0	0	0	0	0	0	0	0	0	0	0	0
/input/pagecontent/ValueSet-HIV.D.DE81.md	313	-	-	-	0	0	0	0	0	0	0	0	0	0	0	0	0	0	0	0	0	0	0	0	0	0	0	0	0
/input/pagecontent/ValueSet-HIV.D.DE1010.md	260	-	-	-	0	0	0	0	0	0	0	0	0	0	0	0	0	0	0	0	0	0	0	0	0	0	0	0	0
/input/pagecontent/ValueSet-HIV.D.DE152.md	262	-	-	-	0	0	0	0	0	0	0	0	0	0	0	0	0	0	0	0	0	0	0	0	0	0	0	0	0
/input/pagecontent/ValueSet-HIV.B.DE325.md	244	-	-	-	0	0	0	0	0	0	0	0	0	0	0	0	0	0	0	0	0	0	0	0	0	0	0	0	0
/input/pagecontent/ValueSet-HIV.H.DE53.md	246	-	-	-	0	0	0	0	0	0	0	0	0	0	0	0	0	0	0	0	0	0	0	0	0	0	0	0	0
/input/pagecontent/ValueSet-HIV.E.DE67.md	242	-	-	-	0	0	0	0	0	0	0	0	0	0	0	0	0	0	0	0	0	0	0	0	0	0	0	0	0
/input/pagecontent/ValueSet-HIV.D.DE942.md	240	-	-	-	0	0	0	0	0	0	0	0	0	0	0	0	0	0	0	0	0	0	0	0	0	0	0	0	0
/input/pagecontent/ValueSet-HIV.D.DE525.md	326	-	-	-	0	0	0	0	0	0	0	0	0	0	0	0	0	0	0	0	0	0	0	0	0	0	0	0	0
/input/pagecontent/ValueSet-HIV.B.DE50.md	265	-	-	-	0	0	0	0	0	0	0	0	0	0	0	0	0	0	0	0	0	0	0	0	0	0	0	0	0
/input/pagecontent/ValueSet-HIV.D.DE986.md	254	-	-	-	0	0	0	0	0	0	0	0	0	0	0	0	0	0	0	0	0	0	0	0	0	0	0	0	0
/input/pagecontent/ValueSet-HIV.B.DE22.md	275	-	-	-	0	0	0	0	0	0	0	0	0	0	0	0	0	0	0	0	0	0	0	0	0	0	0	0	0
/input/pagecontent/ValueSet-HIV.D.DE217.md	240	-	-	-	0	0	0	0	0	0	0	0	0	0	0	0	0	0	0	0	0	0	0	0	0	0	0	0	0
/input/pagecontent/ValueSet-HIV.D.DE746.md	276	-	-	-	0	0	0	0	0	0	0	0	0	0	0	0	0	0	0	0	0	0	0	0	0	0	0	0	0
/input/pagecontent/ValueSet-HIV.D.DE170.md	271	-	-	-	0	0	0	0	0	0	0	0	0	0	0	0	0	0	0	0	0	0	0	0	0	0	0	0	0
/input/pagecontent/deployment.md	0	-	-	-	0	0	0	0	0	0	0	0	0	0	0	0	0	0	0	0	0	0	0	0	0	0	0	0	0
/input/pagecontent/StructureDefinition-HIVHFollowup.md	230	-	-	-	0	0	0	0	0	0	0	0	0	0	0	0	0	0	0	0	0	0	0	0	0	0	0	0	0
/input/pagecontent/ValueSet-HIV.G.DE22.md	261	-	-	-	0	0	0	0	0	0	0	0	0	0	0	0	0	0	0	0	0	0	0	0	0	0	0	0	0
/input/pagecontent/reference-implementations.md	360	-	-	-	0	0	0	0	0	0	0	0	0	0	0	0	0	0	0	0	0	0	0	0	0	0	0	0	0
/input/pagecontent/ValueSet-HIV.G.DE43.md	270	-	-	-	0	0	0	0	0	0	0	0	0	0	0	0	0	0	0	0	0	0	0	0	0	0	0	0	0
/input/pagecontent/ValueSet-HIV.D.DE358.md	285	-	-	-	0	0	0	0	0	0	0	0	0	0	0	0	0	0	0	0	0	0	0	0	0	0	0	0	0
/input/pagecontent/ValueSet-HIV.E.DE204.md	267	-	-	-	0	0	0	0	0	0	0	0	0	0	0	0	0	0	0	0	0	0	0	0	0	0	0	0	0
/input/pagecontent/ValueSet-HIV.E.DE149.md	246	-	-	-	0	0	0	0	0	0	0	0	0	0	0	0	0	0	0	0	0	0	0	0	0	0	0	0	0
/input/pagecontent/maps.md	10	-	-	-	0	0	0	0	0	0	0	0	0	0	0	0	0	0	0	0	0	0	0	0	0	0	0	0	0
/input/pagecontent/ValueSet-HIV.C.DE149.md	290	-	-	-	0	0	0	0	0	0	0	0	0	0	0	0	0	0	0	0	0	0	0	0	0	0	0	0	0
/input/pagecontent/indicators-measures.md	622	-	-	-	0	0	0	0	0	0	0	0	0	0	0	0	0	0	0	0	0	0	0	0	0	0	0	0	0
/input/pagecontent/ValueSet-HIV.E.DE173.md	295	-	-	-	0	0	0	0	0	0	0	0	0	0	0	0	0	0	0	0	0	0	0	0	0	0	0	0	0
/input/pagecontent/ValueSet-HIV.C.DE164.md	246	-	-	-	0	0	0	0	0	0	0	0	0	0	0	0	0	0	0	0	0	0	0	0	0	0	0	0	0
/input/pagecontent/ValueSet-HIV.D.DE877.md	244	-	-	-	0	0	0	0	0	0	0	0	0	0	0	0	0	0	0	0	0	0	0	0	0	0	0	0	0
/input/pagecontent/dictionary.md	932262	-	-	-	0	0	0	0	0	0	0	0	0	0	0	0	0	0	0	0	0	11	0	0	0	0	0	0	0
/input/pagecontent/ValueSet-HIV.B.DE18.md	279	-	-	-	0	0	0	0	0	0	0	0	0	0	0	0	0	0	0	0	0	0	0	0	0	0	0	0	0
/input/pagecontent/ValueSet-HIV.B.DE8.md	328	-	-	-	0	0	0	0	0	0	0	0	0	0	0	0	0	0	0	0	0	0	0	0	0	0	0	0	0
/input/pagecontent/ValueSet-HIV.D.DE753.md	276	-	-	-	0	0	0	0	0	0	0	0	0	0	0	0	0	0	0	0	0	0	0	0	0	0	0	0	0
/input/pagecontent/ValueSet-HIV.B.DE68.md	219	-	-	-	0	0	0	0	0	0	0	0	0	0	0	0	0	0	0	0	0	0	0	0	0	0	0	0	0
/input/pagecontent/ValueSet-HIV.E.DE136.md	289	-	-	-	0	0	0	0	0	0	0	0	0	0	0	0	0	0	0	0	0	0	0	0	0	0	0	0	0
/input/pagecontent/ValueSet-HIV.D.DE247.md	298	-	-	-	0	0	0	0	0	0	0	0	0	0	0	0	0	0	0	0	0	0	0	0	0	0	0	0	0
/input/pagecontent/ValueSet-HIV.C.DE107.md	542	-	-	-	0	0	0	0	0	0	0	0	0	0	0	0	0	0	0	0	0	0	0	0	0	0	0	0	0
/input/pagecontent/ValueSet-HIV.C.DE24.md	240	-	-	-	0	0	0	0	0	0	0	0	0	0	0	0	0	0	0	0	0	0	0	0	0	0	0	0	0
/input/pagecontent/downloads.md	963	-	-	-	0	0	0	0	0	0	0	0	0	0	0	0	0	0	0	0	0	0	0	0	0	0	0	0	0
/input/pagecontent/ValueSet-HIV.B.DE276.md	268	-	-	-	0	0	0	0	0	0	0	0	0	0	0	0	0	0	0	0	0	0	0	0	0	0	0	0	0
/input/pagecontent/ValueSet-HIV.G.DE62.md	250	-	-	-	0	0	0	0	0	0	0	0	0	0	0	0	0	0	0	0	0	0	0	0	0	0	0	0	0
/input/pagecontent/ValueSet-HIV.A.DE46.md	276	-	-	-	0	0	0	0	0	0	0	0	0	0	0	0	0	0	0	0	0	0	0	0	0	0	0	0	0
/input/pagecontent/ValueSet-HIV.D.DE482.md	333	-	-	-	0	0	0	0	0	0	0	0	0	0	0	0	0	0	0	0	0	0	0	0	0	0	0	0	0
/input/pagecontent/ValueSet-HIV.D.DE1002.md	244	-	-	-	0	0	0	0	0	0	0	0	0	0	0	0	0	0	0	0	0	1	0	0	0	0	0	0	0
/input/pagecontent/StructureDefinition-HIVEPMTCT.md	263	-	-	-	0	0	0	0	0	0	0	0	0	0	0	0	0	0	0	0	0	0	0	0	0	0	0	0	0
/input/pagecontent/ValueSet-HIV.B.DE269.md	263	-	-	-	0	0	0	0	0	0	0	0	0	0	0	0	0	0	0	0	0	0	0	0	0	0	0	0	0
/input/pagecontent/data-models-and-exchange.md	3567	-	-	-	0	0	0	0	0	0	0	0	0	0	0	0	0	0	0	0	0	0	0	0	0	0	0	0	0
/input/pagecontent/ValueSet-HIV.D.DE636.md	256	-	-	-	0	0	0	0	0	0	0	0	0	0	0	0	0	0	0	0	0	0	0	0	0	0	0	0	0
/input/pagecontent/ValueSet-HIV.B.DE293.md	268	-	-	-	0	0	0	0	0	0	0	0	0	0	0	0	0	0	0	0	0	0	0	0	0	0	0	0	0
/input/pagecontent/ValueSet-HIV.D.DE56.md	313	-	-	-	0	0	0	0	0	0	0	0	0	0	0	0	0	0	0	0	0	0	0	0	0	0	0	0	0
/input/pagecontent/ValueSet-HIV.D.DE673.md	260	-	-	-	0	0	0	0	0	0	0	0	0	0	0	0	0	0	0	0	0	0	0	0	0	0	0	0	0
/input/pagecontent/ValueSet-HIV.B.DE226.md	250	-	-	-	0	0	0	0	0	0	0	0	0	0	0	0	0	0	0	0	0	0	0	0	0	0	0	0	0
/input/pagecontent/ValueSet-HIV.A.DE30.md	228	-	-	-	0	0	0	0	0	0	0	0	0	0	0	0	0	0	0	0	0	0	0	0	0	0	0	0	0
/input/pagecontent/StructureDefinition-HIVGDiagnostics.md	213	-	-	-	0	0	0	0	0	0	0	0	0	0	0	0	0	0	0	0	0	0	0	0	0	0	0	0	0
/input/pagecontent/ValueSet-HIV.B.DE15.md	263	-	-	-	0	0	0	0	0	0	0	0	0	0	0	0	0	0	0	0	0	0	0	0	0	0	0	0	0
/input/pagecontent/ValueSet-HIV.E.DE62.md	269	-	-	-	0	0	0	0	0	0	0	0	0	0	0	0	0	0	0	0	0	0	0	0	0	0	0	0	0
/input/pagecontent/ValueSet-HIV.C.DE125.md	262	-	-	-	0	0	0	0	0	0	0	0	0	0	0	0	0	0	0	0	0	1	0	0	0	0	0	0	0
/input/pagecontent/ValueSet-HIV.D.DE78.md	311	-	-	-	0	0	0	0	0	0	0	0	0	0	0	0	0	0	0	0	0	0	0	0	0	0	0	0	0
/input/pagecontent/ValueSet-HIV.E.DE47.md	227	-	-	-	0	0	0	0	0	0	0	0	0	0	0	0	0	0	0	0	0	0	0	0	0	0	0	0	0
/input/pagecontent/ValueSet-HIV.D.DE489.md	317	-	-	-	0	0	0	0	0	0	0	0	0	0	0	0	0	0	0	0	0	0	0	0	0	0	0	0	0
/input/pagecontent/ValueSet-HIV.D.DE789.md	232	-	-	-	0	0	0	0	0	0	0	0	0	0	0	0	0	0	0	0	0	0	0	0	0	0	0	0	0
/input/pagecontent/ValueSet-HIV.B.DE121.md	263	-	-	-	0	0	0	0	0	0	0	0	0	0	0	0	0	0	0	0	0	0	0	0	0	0	0	0	0
/input/pagecontent/ValueSet-HIV.D.DE802.md	228	-	-	-	0	0	0	0	0	0	0	0	0	0	0	0	0	0	0	0	0	0	0	0	0	0	0	0	0
/input/pagecontent/ValueSet-HIV.E.DE155.md	283	-	-	-	0	0	0	0	0	0	0	0	0	0	0	0	0	0	0	0	0	0	0	0	0	0	0	0	0
/input/pagecontent/ValueSet-HIV.E.DE168.md	212	-	-	-	0	0	0	0	0	0	0	0	0	0	0	0	0	0	0	0	0	0	0	0	0	0	0	0	0
/input/pagecontent/non-functional-requirements.md	8654	-	-	-	0	0	0	0	0	0	0	0	0	0	0	0	0	0	0	0	0	0	0	0	0	0	0	0	0
/input/pagecontent/ValueSet-HIV.D.DE82.md	300	-	-	-	0	0	0	0	0	0	0	0	0	0	0	0	0	0	0	0	0	0	0	0	0	0	0	0	0
/input/pagecontent/ValueSet-HIV.D.DE75.md	245	-	-	-	0	0	0	0	0	0	0	0	0	0	0	0	0	0	0	0	0	0	0	0	0	0	0	0	0
/input/pagecontent/ValueSet-HIV.D.DE836.md	268	-	-	-	0	0	0	0	0	0	0	0	0	0	0	0	0	0	0	0	0	0	0	0	0	0	0	0	0
/input/pagecontent/ValueSet-HIV.C.DE131.md	261	-	-	-	0	0	0	0	0	0	0	0	0	0	0	0	0	0	0	0	0	0	0	0	0	0	0	0	0
/input/pagecontent/ValueSet-HIV.E.DE234.md	358	-	-	-	0	0	0	0	0	0	0	0	0	0	0	0	0	0	0	0	0	0	0	0	0	0	0	0	0
/input/pagecontent/ValueSet-HIV.A.DE43.md	552	-	-	-	0	0	0	0	0	0	0	0	0	0	0	0	0	0	0	0	0	0	0	0	0	0	0	0	0
/input/pagecontent/ValueSet-HIV.B.DE115.md	321	-	-	-	0	0	0	0	0	0	0	0	0	0	0	0	0	0	0	0	0	0	0	0	0	0	0	0	0
/input/pagecontent/business-processes.md	5895	-	-	-	0	0	0	0	0	0	0	0	0	0	0	0	0	0	0	0	0	0	0	0	0	0	0	0	0
/input/pagecontent/ValueSet-HIV.D.DE778.md	250	-	-	-	0	0	0	0	0	0	0	0	0	0	0	0	0	0	0	0	0	0	0	0	0	0	0	0	0
/input/pagecontent/ValueSet-HIV.D.DE156.md	290	-	-	-	0	0	0	0	0	0	0	0	0	0	0	0	0	0	0	0	0	1	0	0	0	0	0	0	0
/input/pagecontent/ValueSet-HIV.D.DE466.md	596	-	-	-	0	0	0	0	0	0	0	0	0	0	0	0	0	0	0	0	0	0	0	0	0	0	0	0	0
/input/pagecontent/StructureDefinition-HIVDHIVTB.md	210	-	-	-	0	0	0	0	0	0	0	0	0	0	0	0	0	0	0	0	0	0	0	0	0	0	0	0	0
/input/pagecontent/ValueSet-HIV.D.DE485.md	285	-	-	-	0	0	0	0	0	0	0	0	0	0	0	0	0	0	0	0	0	0	0	0	0	0	0	0	0
/input/pagecontent/StructureDefinition-HIVConfiguration.md	260	-	-	-	0	0	0	0	0	0	0	0	0	0	0	0	0	0	0	0	0	0	0	0	0	0	0	0	0
/input/pagecontent/ValueSet-HIV.C.DE101.md	239	-	-	-	0	0	0	0	0	0	0	0	0	0	0	0	0	0	0	0	0	0	0	0	0	0	0	0	0
/input/pagecontent/ValueSet-HIV.C.DE99.md	234	-	-	-	0	0	0	0	0	0	0	0	0	0	0	0	0	0	0	0	0	0	0	0	0	0	0	0	0
/input/pagecontent/system-actors.md	1368	-	-	-	0	0	0	0	0	0	0	0	0	0	0	0	0	0	0	0	0	0	0	0	0	0	0	0	0
/input/pagecontent/ValueSet-HIV.D.DE495.md	314	-	-	-	0	0	0	0	0	0	0	0	0	0	0	0	0	0	0	0	0	0	0	0	0	0	0	0	0
/input/pagecontent/testing.md	2622	-	-	-	0	0	0	0	0	0	0	0	0	0	0	0	0	0	0	0	0	0	0	0	0	0	0	0	0
/input/pagecontent/decision-logic.md	286133	-	-	-	0	0	0	0	0	0	0	0	0	0	0	0	0	0	0	0	0	5	0	0	0	0	0	0	0
/input/pagecontent/ValueSet-HIV.D.DE225.md	221	-	-	-	0	0	0	0	0	0	0	0	0	0	0	0	0	0	0	0	0	0	0	0	0	0	0	0	0
/input/pagecontent/references.md	1574	-	-	-	0	0	0	0	0	0	0	0	0	0	0	0	0	0	0	0	0	0	0	0	0	0	0	0	0
/input/pagecontent/StructureDefinition-HIVARegistration.md	291	-	-	-	0	0	0	0	0	0	0	0	0	0	0	0	0	0	0	0	0	0	0	0	0	0	0	0	0
/input/pagecontent/ValueSet-HIV.D.DE177.md	261	-	-	-	0	0	0	0	0	0	0	0	0	0	0	0	0	0	0	0	0	0	0	0	0	0	0	0	0
/input/pagecontent/ValueSet-HIV.C.DE46.md	260	-	-	-	0	0	0	0	0	0	0	0	0	0	0	0	0	0	0	0	0	0	0	0	0	0	0	0	0
/input/pagecontent/ValueSet-HIV.G.DE48.md	256	-	-	-	0	0	0	0	0	0	0	0	0	0	0	0	0	0	0	0	0	0	0	0	0	0	0	0	0
/input/pagecontent/ValueSet-HIV.E.DE220.md	294	-	-	-	0	0	0	0	0	0	0	0	0	0	0	0	0	0	0	0	0	0	0	0	0	0	0	0	0
/input/pagecontent/ValueSet-HIV.D.DE43.md	248	-	-	-	0	0	0	0	0	0	0	0	0	0	0	0	0	0	0	0	0	0	0	0	0	0	0	0	0
/input/pagecontent/ValueSet-HIV.D.DE956.md	258	-	-	-	0	0	0	0	0	0	0	0	0	0	0	0	0	0	0	0	0	0	0	0	0	0	0	0	0
/input/pagecontent/adapting.md	3653	-	-	-	0	0	0	0	0	0	0	0	0	0	0	0	0	0	0	0	0	1	0	0	0	0	0	0	0
/input/pagecontent/ValueSet-HIV.E.DE186.md	260	-	-	-	0	0	0	0	0	0	0	0	0	0	0	0	0	0	0	0	0	0	0	0	0	0	0	0	0
/input/pagecontent/ValueSet-HIV.D.DE514.md	306	-	-	-	0	0	0	0	0	0	0	0	0	0	0	0	0	0	0	0	0	0	0	0	0	0	0	0	0
/input/pagecontent/ValueSet-HIV.D.DE893.md	241	-	-	-	0	0	0	0	0	0	0	0	0	0	0	0	0	0	0	0	0	0	0	0	0	0	0	0	0
/input/pagecontent/ValueSet-HIV.G.DE35.md	256	-	-	-	0	0	0	0	0	0	0	0	0	0	0	0	0	0	0	0	0	0	0	0	0	0	0	0	0
/input/pagecontent/ValueSet-HIV.B.DE204.md	268	-	-	-	0	0	0	0	0	0	0	0	0	0	0	0	0	0	0	0	0	0	0	0	0	0	0	0	0
/input/pagecontent/ValueSet-HIV.D.DE146.md	238	-	-	-	0	0	0	0	0	0	0	0	0	0	0	0	0	0	0	0	0	0	0	0	0	0	0	0	0
/input/pagecontent/ValueSet-HIV.E.DE190.md	260	-	-	-	0	0	0	0	0	0	0	0	0	0	0	0	0	0	0	0	0	0	0	0	0	0	0	0	0
/input/pagecontent/ValueSet-HIV.D.DE90.md	213	-	-	-	0	0	0	0	0	0	0	0	0	0	0	0	0	0	0	0	0	0	0	0	0	0	0	0	0
/input/pagecontent/ValueSet-HIV.D.DE604.md	238	-	-	-	0	0	0	0	0	0	0	0	0	0	0	0	0	0	0	0	0	0	0	0	0	0	0	0	0
/input/pagecontent/ValueSet-HIV.D.DE491.md	283	-	-	-	0	0	0	0	0	0	0	0	0	0	0	0	0	0	0	0	0	1	0	0	0	0	0	0	0
/input/pagecontent/ValueSet-HIV.D.DE764.md	261	-	-	-	0	0	0	0	0	0	0	0	0	0	0	0	0	0	0	0	0	0	0	0	0	0	0	0	0
/input/pagecontent/ValueSet-HIV.D.DE461.md	287	-	-	-	0	0	0	0	0	0	0	0	0	0	0	0	0	0	0	0	0	0	0	0	0	0	0	0	0
/input/pagecontent/ValueSet-HIV.G.DE29.md	233	-	-	-	0	0	0	0	0	0	0	0	0	0	0	0	0	0	0	0	0	0	0	0	0	0	0	0	0
/input/pagecontent/ValueSet-HIV.E.DE208.md	266	-	-	-	0	0	0	0	0	0	0	0	0	0	0	0	0	0	0	0	0	0	0	0	0	0	0	0	0
/input/pagecontent/ValueSet-HIV.D.DE658.md	290	-	-	-	0	0	0	0	0	0	0	0	0	0	0	0	0	0	0	0	0	0	0	0	0	0	0	0	0
/input/pagecontent/ValueSet-HIV.D.DE1028.md	246	-	-	-	0	0	0	0	0	0	0	0	0	0	0	0	0	0	0	0	0	0	0	0	0	0	0	0	0
/input/pagecontent/test-data.md	350	-	-	-	0	0	0	0	0	0	0	0	0	0	0	0	0	0	0	0	0	0	0	0	0	0	0	0	0
/template/config	0	-	-	-	0	0	0	0	0	0	0	0	0	0	0	0	0	0	0	0	0	0	0	0	0	0	0	0	0
/template/config/_config.yml	140	-	-	-	0	0	0	0	0	0	0	0	0	0	0	0	0	0	0	0	0	0	0	0	0	0	0	0	0
/input/images	0	-	-	-	0	0	0	0	0	0	0	0	0	0	0	0	0	0	0	0	0	1	0	0	0	0	0	0	0
/input/images/cql.js	1333	-	-	-	0	0	0	0	0	0	0	0	0	0	0	0	0	0	0	0	0	0	0	0	0	0	0	0	0
/temp/pages/_includes/artifacts.xml	255248	-	-	-	-	-	-	-	-	-	-	-	-	-	-	-	-	-	-	-	-	1	0	0	0	0	0	0	0
